,Unnamed: 0,time,left_pwm,right_pwm,left_pressure,right_pressure,left_flex,right_flex,base_pos_x,base_pos_y,tip_pos_x,tip_pos_y,tip_disp_x,tip_disp_y,bend_angle
0,0,0.0,0.0,0.0,24.0,40.0,662.0,656.0,607.8984899064043,243.7649512173236,587.227194444467,401.6288718079033,-20.431168313679905,157.80590788047192,-0.12875401014191207
1,1,0.02001953125,0.0,0.0,23.0,40.0,660.0,655.0,607.8259497446547,243.7847907530507,587.4474156858336,401.6490657944017,-20.210947072313388,157.8261018669703,-0.1273651314054596
2,2,0.050048828125,0.0,0.0,23.0,40.0,661.0,653.0,607.7301765366385,243.7270756648899,587.4094539677933,401.49831782959467,-20.248908790353653,157.6753539021633,-0.1277224460721286
3,3,0.080078125,0.0,0.0,23.0,41.0,657.0,653.0,607.7447218640461,243.7893206031329,587.4159009884536,401.36403838137767,-20.242461769693364,157.5410744539463,-0.12778987024484587
4,4,0.1099853515625,150.0,150.0,23.0,41.0,661.0,654.0,607.7651516537795,243.74261930648814,588.4551073050343,402.27549969558936,-19.20325545311266,158.452535768158,-0.1206043097366322
5,5,0.1400146484375,150.0,150.0,23.0,13.0,658.0,652.0,607.7115971594294,243.74472103351226,594.5292133005236,404.6175510531983,-13.129149457623384,160.79458712576695,-0.08147095319322598
6,6,0.1700439453125,150.0,150.0,23.0,21.0,654.0,650.0,607.7316282421688,243.7893362223186,608.7021400936368,407.8199477507097,1.0437773354898354,163.9969838232783,0.006364527063959783
7,7,0.2100830078125,150.0,150.0,23.0,16.0,648.0,642.0,607.6962575757999,243.7901424131683,621.8219186161767,409.17914906880793,14.163555858029781,165.35618514137656,0.08544627087855439
8,8,0.239990234375,150.0,150.0,23.0,11.0,610.0,615.0,607.6962575757999,243.7901424131683,621.8219186161767,409.17914906880793,14.163555858029781,165.35618514137656,0.08544627087855439
9,9,0.27001953125,150.0,150.0,23.0,14.0,588.0,595.0,607.6422503233422,243.8837582210651,626.742669760057,410.0875956626298,19.08430700191002,166.2646317351984,0.11428257947195934
10,10,0.300048828125,150.0,150.0,23.0,8.0,578.0,583.0,607.7651516537795,243.74261930648814,629.4500491361374,410.20019983713286,21.79168637799046,166.37723590970148,0.13023620912183104
11,11,0.330078125,150.0,150.0,23.0,8.0,569.0,570.0,607.7651516537795,243.74261930648814,629.4500491361374,410.20019983713286,21.79168637799046,166.37723590970148,0.13023620912183104
12,12,0.3599853515625,150.0,150.0,23.0,15.0,560.0,561.0,607.7115971594294,243.74472103351226,638.1401734881397,409.3885667516765,30.48181072999273,165.5656028242451,0.1820683219304051
13,13,0.4000244140625,150.0,150.0,23.0,18.0,545.0,545.0,607.750193802757,243.77188238581783,646.7541287918314,408.38352336680845,39.09576603368441,164.56055943937707,0.23325246945174996
14,14,0.4300537109375,150.0,150.0,23.0,15.0,536.0,536.0,607.7301765366385,243.7270756648899,648.5945490298809,408.18615649258055,40.93618627173396,164.36319256514918,0.24409312891162124
15,15,0.4600830078125,150.0,150.0,23.0,10.0,537.0,532.0,607.7301765366385,243.7270756648899,647.2064768351146,408.512199534144,39.548114076967636,164.6892356067126,0.23567529091260286
16,16,0.489990234375,150.0,150.0,23.0,10.0,534.0,527.0,607.7301765366385,243.7270756648899,647.6850933846722,408.60492843822084,40.02673062652525,164.78196451078946,0.23829205560771083
17,17,0.52001953125,150.0,150.0,23.0,15.0,531.0,524.0,607.7316282421688,243.7893362223186,653.6283993921924,407.04215172619433,45.970036634045414,163.21918779876296,0.27453441507673026
18,18,0.56005859375,150.0,150.0,23.0,14.0,522.0,518.0,607.7115971594294,243.74472103351226,659.7394702801447,405.4670749098965,52.08110752199775,161.64411098246512,0.3116938110581735
19,19,0.590087890625,150.0,150.0,23.0,15.0,519.0,514.0,607.7651516537795,243.74261930648814,661.1588012970866,405.192573819117,53.50043853893965,161.36960989168563,0.3201354529257282
20,20,0.6199951171875,150.0,150.0,23.0,6.0,521.0,510.0,607.642636733259,243.792028811798,658.8150332436652,405.9409019859585,51.15667048551825,162.1179380585271,0.3056630904506613
21,21,0.6500244140625,150.0,150.0,22.0,15.0,517.0,513.0,607.7447218640461,243.7893206031329,658.950546088131,405.74976373750536,51.29218332998403,161.926799810074,0.3067625485554925
22,22,0.6900634765625,150.0,150.0,23.0,8.0,516.0,510.0,607.7252255745242,243.75538844853887,663.8240881352334,404.3275658611165,56.16572537708646,160.50460193368514,0.3366144000802856
23,23,0.719970703125,150.0,150.0,23.0,4.0,509.0,509.0,607.7438271248128,243.73773404408897,667.8669434386318,402.6417575920781,60.20858068048483,158.8187936646467,0.3623624067023039
24,24,0.75,150.0,150.0,23.0,11.0,507.0,504.0,607.8765826437085,243.75470002564853,668.0148362850981,402.60289529619484,60.35647352695116,158.77993136876347,0.36325762031657083
25,25,0.780029296875,150.0,150.0,23.0,7.0,511.0,501.0,607.6748050825728,243.78505896893643,665.6838667364452,403.60073155564453,58.025503978298275,159.77776762821316,0.3483535816305784
26,26,0.81005859375,150.0,150.0,23.0,11.0,512.0,500.0,607.7637970413492,243.78255419973675,666.5214744621285,403.48944250491166,58.86311170398153,159.6664785774803,0.3532033405749941
27,27,0.840087890625,150.0,150.0,23.0,0.0,509.0,500.0,607.6562031632526,243.8027231506187,669.9113987626367,401.82152750041735,62.253036004489786,157.99856357298597,0.3753320625828095
28,28,0.8699951171875,150.0,150.0,23.0,10.0,501.0,494.0,607.7560203271045,243.84074260165906,673.1591077425687,400.7236789999262,65.50074498442177,156.90071507249485,0.39547218373487036
29,29,0.9100341796875,150.0,150.0,23.0,11.0,503.0,493.0,607.7591830433278,243.792528486677,672.3790660277535,400.94718990575063,64.72070326960659,157.12422597831926,0.3907294363181566
30,30,0.9400634765625,150.0,150.0,43.0,18.0,503.0,493.0,607.7098332499119,243.8008284821881,670.2651026109219,401.72689369958516,62.60673985277492,157.9039297721538,0.3774736327100418
31,31,0.969970703125,150.0,150.0,22.0,11.0,507.0,497.0,607.709354084869,243.89301648610683,671.2119060965769,401.3416297936788,63.553543338429904,157.51866586624743,0.38349137285790164
32,32,1.0,150.0,150.0,23.0,3.0,504.0,497.0,607.7427736689751,243.70589906011642,674.8333329074076,399.8923782188083,67.17497014926062,156.06941429137692,0.40645015544393787
33,33,1.0400390625,150.0,150.0,23.0,10.0,499.0,495.0,607.7252255745242,243.75538844853887,676.5141413491899,399.1215350730109,68.85577859104296,155.2985711455795,0.4173324117495157
34,34,1.070068359375,150.0,150.0,23.0,8.0,500.0,492.0,607.7252255745242,243.75538844853887,676.5141413491899,399.1215350730109,68.85577859104296,155.2985711455795,0.4173324117495157
35,35,1.0999755859375,150.0,150.0,23.0,7.0,497.0,492.0,607.6748050825728,243.78505896893643,675.2354866630737,399.5904310038904,67.5771239049268,155.767467076459,0.4093287302947371
36,36,1.1300048828125,150.0,150.0,23.0,13.0,497.0,493.0,607.79834766056,243.8200539525235,673.7984055473772,400.4290607714705,66.14004278923028,156.60609684403914,0.3996101582109905
37,37,1.1600341796875,150.0,150.0,23.0,0.0,503.0,491.0,607.7438822997311,243.84742268471518,675.1687499194834,399.6221043843351,67.51038716133644,155.79914045690373,0.4088939210737284
38,38,1.1900634765625,150.0,150.0,23.0,4.0,496.0,491.0,607.7252255745242,243.75538844853887,677.9050244582874,398.4659709935685,70.24666170014041,154.6430070661371,0.4263830088615096
39,39,1.219970703125,150.0,150.0,23.0,7.0,497.0,487.0,607.7718159488653,243.91038285859005,678.9387619403695,397.96507006654326,71.2803991822226,154.1421061391119,0.4331449872748672
40,40,1.25,150.0,150.0,23.0,4.0,494.0,487.0,607.7438271248128,243.73773404408897,677.6174160553343,398.5313725938736,69.95905329718732,154.7084086664422,0.4246814627899839
41,41,1.2900390625,150.0,150.0,23.0,14.0,497.0,490.0,607.6766753146018,243.8474535812646,676.4416668178168,399.0966688831992,68.78330405966983,155.2737049557678,0.4170016305047515
42,42,1.320068359375,150.0,150.0,23.0,30.0,501.0,489.0,607.7151372369714,243.83896413163316,677.9979528165072,398.6362277017057,70.33959005836027,154.81326377427433,0.4264664782501331
43,43,1.3499755859375,150.0,150.0,23.0,20.0,495.0,489.0,607.6853710115657,243.82210919193835,680.1564473104206,397.5147841612372,72.49808455227367,153.6918202338058,0.4407611886309057
44,44,1.3800048828125,150.0,150.0,23.0,12.0,494.0,487.0,607.789386488635,243.7903350559824,680.3170537198619,397.4722344907302,72.65869096171491,153.64927056329884,0.4417226320969662
45,45,1.4200439453125,150.0,150.0,22.0,21.0,496.0,486.0,607.7357998211701,243.792434512028,678.8560384304062,398.23575520216417,71.19767567225927,154.4127912747328,0.43203523732112675
46,46,1.4500732421875,150.0,150.0,23.0,8.0,496.0,488.0,607.670104982436,243.96194058991847,678.3604335482868,398.50295649311613,70.70207079013983,154.67999256568476,0.4287310600125707
47,47,1.47998046875,150.0,150.0,23.0,4.0,495.0,488.0,607.7697897990653,243.82960094161288,679.8175124253479,397.65559250716757,72.15914966720095,153.8326285797362,0.4386035627294305
48,48,1.510009765625,150.0,150.0,23.0,13.0,497.0,489.0,607.7058188748159,243.86704674691,681.2364978687747,397.28045138379633,73.57813511062773,153.45748745636496,0.44708846215656045
49,49,1.5400390625,150.0,150.0,23.0,18.0,495.0,488.0,607.7935931822452,243.91187076118408,681.1661657107247,397.2932569142041,73.50780295257778,153.47029298677273,0.44668323732867316
50,50,1.580078125,150.0,150.0,23.0,10.0,498.0,487.0,607.8387666575043,243.78188004740727,679.9127827080197,397.6256409892328,72.25441994987273,153.80267706180143,0.4391859944716702
51,51,1.6099853515625,150.0,150.0,23.0,12.0,497.0,487.0,607.7337782505698,243.82132699309417,679.7902355212923,397.740613164944,72.13187276314534,153.91764923751265,0.4382458691561612
52,52,1.6400146484375,150.0,150.0,24.0,10.0,498.0,491.0,607.7204220924111,243.8378944096304,681.1661657107247,397.2932569142041,73.50780295257778,153.47029298677273,0.44668323732867316
53,53,1.6700439453125,150.0,150.0,23.0,20.0,498.0,491.0,607.7331104604506,243.83219850615845,682.2138030736327,396.5745509763072,74.55544031548573,152.75158704887582,0.4540685732294772
54,54,1.7000732421875,150.0,150.0,23.0,5.0,495.0,491.0,607.7331104604506,243.83219850615845,682.2138030736327,396.5745509763072,74.55544031548573,152.75158704887582,0.4540685732294772
55,55,1.72998046875,150.0,150.0,23.0,1.0,497.0,487.0,607.7331104604506,243.83219850615845,682.2138030736327,396.5745509763072,74.55544031548573,152.75158704887582,0.4540685732294772
56,56,1.77001953125,150.0,150.0,23.0,0.0,502.0,487.0,607.7544012796742,243.77477514599548,680.7639666074632,397.4053781006363,73.10560384931625,153.58241417320494,0.44426591947193983
57,57,1.800048828125,150.0,150.0,23.0,14.0,496.0,486.0,607.8082419315092,243.77259587952025,680.9525082963075,397.3179809297517,73.29414553816059,153.4950170023203,0.4454875933250376
58,58,1.830078125,150.0,150.0,23.0,20.0,495.0,486.0,607.6667691859686,243.83977834207286,682.1358071864896,396.717215659621,74.47744442834266,152.89425173218962,0.4532884853837113
59,59,1.8599853515625,150.0,150.0,23.0,4.0,495.0,489.0,607.7204220924111,243.8378944096304,682.7319770999536,396.29302686429253,75.07361434180666,152.47006293686115,0.45753518442508845
60,60,1.8900146484375,150.0,150.0,23.0,17.0,494.0,488.0,607.7684441149654,243.84807721038948,682.0014801602535,396.64682733852766,74.3431174021066,152.82386341109628,0.4527592806230739
61,61,1.9300537109375,150.0,150.0,23.0,10.0,500.0,488.0,607.7697897990653,243.82960094161288,681.2364978687747,397.28045138379633,73.57813511062773,153.45748745636496,0.44708846215656045
62,62,1.9600830078125,150.0,150.0,23.0,10.0,497.0,487.0,607.6371391484951,243.8964792943108,682.7304246655033,396.0794094419602,75.07206190735633,152.25644551452882,0.45808284706901453
63,63,1.989990234375,150.0,150.0,23.0,20.0,494.0,488.0,607.6371391484951,243.8964792943108,682.7304246655033,396.0794094419602,75.07206190735633,152.25644551452882,0.45808284706901453
64,64,2.02001953125,150.0,150.0,22.0,12.0,496.0,485.0,607.7601242547353,243.75526905190682,682.8861038327843,395.99325189094253,75.22774107463738,152.17028796351116,0.4591298606245931
65,65,2.050048828125,150.0,150.0,23.0,12.0,501.0,487.0,607.6561621727866,243.78704346621342,682.2520239817379,396.3122944517162,74.59366122359097,152.4893305242848,0.4549485427329214
66,66,2.090087890625,150.0,150.0,44.0,36.0,496.0,486.0,607.706563051948,243.7573745571044,681.8345169074636,396.61458960947454,74.17615414931663,152.79162568204316,0.45195832593897783
67,67,2.1199951171875,150.0,150.0,23.0,5.0,496.0,488.0,607.6375716124679,243.80470770625303,682.4302796639931,396.13056952240504,74.77191690584618,152.30760559497367,0.4563629050924189
68,68,2.1500244140625,150.0,150.0,23.0,13.0,496.0,488.0,607.7391999957437,243.81299000839115,683.1516344001923,395.98869424402017,75.49327164204533,152.1657303165888,0.4605430632883216
69,69,2.1800537109375,150.0,150.0,23.0,5.0,496.0,488.0,607.6375716124679,243.80470770625303,683.0779598860877,396.0174591755568,75.41959712794073,152.1944952481254,0.4600792451355551
70,70,2.2100830078125,150.0,150.0,23.0,8.0,495.0,486.0,607.7251532438853,243.73972009949586,682.5102162438653,396.16603570735083,74.85185348571838,152.34307177991946,0.45669356939606814
71,71,2.239990234375,150.0,150.0,22.0,16.0,497.0,488.0,607.6859168406066,243.80388758618201,682.3394952728067,396.19737509855247,74.6811325146598,152.3744111711211,0.4557091665321364
72,72,2.280029296875,150.0,150.0,23.0,6.0,498.0,486.0,607.7251532438853,243.73972009949586,682.9070875049732,396.03534449563324,75.24872474682627,152.21238056820187,0.4591307821067011
73,73,2.31005859375,150.0,150.0,24.0,18.0,497.0,488.0,607.6557134312673,243.87903713797093,683.424734604331,395.68463687424554,75.76637184618403,151.86167294681417,0.46278084197999736
74,74,2.340087890625,150.0,150.0,23.0,6.0,495.0,489.0,607.7115591306463,243.8477604996804,683.2017270392843,395.9426274106136,75.54336428113731,152.11966348318225,0.4609278105536055
75,75,2.3699951171875,150.0,150.0,23.0,10.0,496.0,488.0,607.6911990614617,243.802817624398,682.6812024646026,396.0483674660469,75.02283970645567,152.22540353861552,0.457903599708515
76,76,2.4000244140625,150.0,150.0,22.0,19.0,493.0,489.0,607.7601242547353,243.75526905190682,682.7298993782198,396.1256489102802,75.07153662007283,152.3026849828488,0.45795964532624434
77,77,2.4400634765625,150.0,150.0,23.0,8.0,498.0,490.0,607.7800357811999,243.80013195924562,683.2566088980743,395.862080256518,75.59824613992737,152.03911632908665,0.46142829146897735
78,78,2.469970703125,150.0,150.0,23.0,13.0,497.0,491.0,607.7252757965326,243.84941938000242,683.6718680192611,395.5643601355249,76.01350526111412,151.74139620809353,0.4644002230894182
79,79,2.5,150.0,150.0,23.0,13.0,498.0,491.0,607.6351033586026,243.8341240120393,683.311420783322,395.83728634099367,75.65305802517503,152.0143224135623,0.46178234781871225
80,80,2.530029296875,150.0,150.0,23.0,12.0,494.0,488.0,607.6351033586026,243.8341240120393,683.311420783322,395.83728634099367,75.65305802517503,152.0143224135623,0.46178234781871225
81,81,2.56005859375,150.0,150.0,23.0,17.0,495.0,487.0,607.6554455081575,243.89806862234926,682.9070875049732,396.03534449563324,75.24872474682627,152.21238056820187,0.4591307821067011
82,82,2.5999755859375,150.0,150.0,23.0,6.0,498.0,492.0,607.7477692273529,243.79115629297908,683.7336207679807,395.5945010138387,76.07525800983376,151.7715370864073,0.4646459243486983
83,83,2.6300048828125,150.0,150.0,23.0,20.0,496.0,489.0,607.7477692273529,243.79115629297908,683.7336207679807,395.5945010138387,76.07525800983376,151.7715370864073,0.4646459243486983
84,84,2.6600341796875,150.0,150.0,45.0,25.0,496.0,489.0,607.7331640586697,243.82030525275775,683.9913990709988,395.4699122403614,76.33303631285185,151.64694831293002,0.4663321442014545
85,85,2.6900634765625,150.0,150.0,23.0,12.0,495.0,488.0,607.7416855974401,243.8031813126371,683.5617433311858,395.7059538789875,75.90338057303882,151.8829899515561,0.4634468321871107
86,86,2.719970703125,150.0,150.0,23.0,13.0,494.0,489.0,607.7326903107403,243.93136272521141,683.2605421293503,396.0235963868467,75.6021793712033,152.20063245941532,0.46102586583153693
87,87,2.760009765625,150.0,150.0,23.0,8.0,497.0,488.0,607.8366783417329,243.78848013032803,683.5009085060515,395.73729994904363,75.84254574790452,151.91433602161226,0.4630438115908306
88,88,2.7900390625,150.0,150.0,23.0,11.0,493.0,486.0,607.8366783417329,243.78848013032803,684.0510570508153,395.4605555109748,76.39269429266835,151.63759158354344,0.46667076047921985
89,89,2.820068359375,150.0,150.0,22.0,12.0,496.0,488.0,607.7962785137393,243.79033693138317,684.0988248879138,395.55768925490975,76.44046212976684,151.73472532747837,0.4666646280775911
90,90,2.8499755859375,150.0,150.0,23.0,15.0,495.0,486.0,607.7424826678597,243.79222595498695,683.631587837049,395.7359818624902,75.97322507890203,151.9130179350588,0.4637356350348099
91,91,2.8800048828125,150.0,150.0,23.0,2.0,495.0,486.0,607.8554427874407,243.77092081693473,683.5009085060515,395.73729994904363,75.84254574790452,151.91433602161226,0.4630438115908306
92,92,2.9200439453125,150.0,150.0,23.0,3.0,500.0,487.0,607.7424826678597,243.79222595498695,683.7574496417326,395.5602982045549,76.09908688358564,151.73733427712352,0.46486170575279473
93,93,2.9500732421875,150.0,150.0,47.0,30.0,497.0,489.0,607.8167523297204,243.74360183674423,684.1617124738642,395.34510676770316,76.50334971571726,151.52214284027178,0.4675589731671915
94,94,2.97998046875,150.0,150.0,23.0,3.0,497.0,491.0,607.6661425894606,243.92103738851281,684.116245732608,395.4268915497337,76.45788297446109,151.6039276223023,0.46710284073241665
95,95,3.010009765625,150.0,150.0,23.0,10.0,497.0,488.0,607.7869082176694,243.8185556068816,683.7954703220017,395.64278587027474,76.13710756385478,151.81982194284336,0.4648440828931732
96,96,3.0400390625,150.0,150.0,23.0,24.0,497.0,488.0,607.7631474582033,243.7457017582844,683.779430467759,395.6507117259441,76.12106770961202,151.82774779851275,0.4647387438845653
97,97,3.080078125,150.0,150.0,23.0,6.0,501.0,488.0,607.7424826678597,243.79222595498695,684.133449763342,395.38316059799035,76.47508700519506,151.56019667055898,0.4673093257478203
98,98,3.1099853515625,150.0,150.0,23.0,14.0,498.0,489.0,607.768144142053,243.8361146221633,684.2484284906618,395.21597193731554,76.59006573251486,151.39300800988417,0.46835826505468287
99,99,3.1400146484375,150.0,150.0,23.0,12.0,497.0,487.0,607.8661485911124,243.73514719728308,684.1617124738642,395.34510676770316,76.50334971571726,151.52214284027178,0.4675589731671915
100,100,3.1700439453125,150.0,150.0,23.0,14.0,497.0,487.0,607.7416855974401,243.8031813126371,683.9667694693071,395.5490528431795,76.30840671116016,151.7260889157481,0.46599309431298774
101,101,3.2000732421875,150.0,150.0,23.0,23.0,493.0,489.0,607.7146121021948,243.8377927185257,683.9632537312185,395.5879658046157,76.30489097307156,151.76500187718432,0.4658716771098432
102,102,3.22998046875,150.0,150.0,23.0,10.0,498.0,489.0,607.76706354982,243.8665031887301,684.0790146302345,395.3345390782354,76.42065187208755,151.51157515080405,0.46715200976413696
103,103,3.27001953125,150.0,150.0,23.0,20.0,496.0,488.0,607.7859267404,243.84877155729345,684.2302263154559,395.29795394456704,76.57186355730892,151.47499001713567,0.4680445267851469
104,104,3.300048828125,150.0,150.0,23.0,4.0,498.0,488.0,607.6649076633142,243.96066393091218,683.9864516059997,395.3860948678826,76.32808884785277,151.56313094045123,0.4665281761359764
105,105,3.330078125,150.0,150.0,23.0,10.0,499.0,491.0,607.6649076633142,243.96066393091218,683.9864516059997,395.3860948678826,76.32808884785277,151.56313094045123,0.4665281761359764
106,106,3.3599853515625,150.0,150.0,23.0,10.0,499.0,491.0,607.6980809321043,243.91404021255696,683.8954663523954,395.63806547823197,76.23710359424842,151.8151015508006,0.46538270166252105
107,107,3.3900146484375,150.0,150.0,23.0,14.0,497.0,491.0,607.6805430680083,243.8484464642358,683.9357085072912,395.38449984200736,76.27734574914427,151.56153591457598,0.46626530067753363
108,108,3.4300537109375,150.0,150.0,23.0,18.0,501.0,492.0,607.7134830597795,243.86859590519745,684.2901846663915,395.26174017283273,76.63182190824455,151.43877624540136,0.4684560633625973
109,109,3.4600830078125,150.0,150.0,23.0,7.0,499.0,491.0,607.7169033027627,243.8962969715842,684.2076416924971,395.268157047708,76.54927893435013,151.4451931202766,0.4680049665367999
110,110,3.489990234375,150.0,150.0,23.0,17.0,495.0,488.0,607.7334680460231,243.9132403054809,684.0088988178031,395.4270057539402,76.35053605965618,151.60404182650882,0.4665378799130851
111,111,3.52001953125,150.0,150.0,23.0,10.0,498.0,485.0,607.7859267404,243.84877155729345,683.9584703846201,395.425585104313,76.30010762647316,151.6026211768816,0.466276272281487
112,112,3.56005859375,150.0,150.0,23.0,9.0,496.0,487.0,607.6444343427104,243.91591746302402,684.1259473579646,395.2628257465937,76.46758459981766,151.43986181916233,0.4675893784651539
113,113,3.590087890625,150.0,150.0,23.0,17.0,496.0,488.0,607.8341275830724,243.85861136194438,684.2901846663915,395.26174017283273,76.63182190824455,151.43877624540136,0.4684560633625973
114,114,3.6199951171875,150.0,150.0,23.0,7.0,503.0,489.0,607.7520631799703,243.8957800750039,684.3143950911126,395.2664002340561,76.65603233296565,151.44343630662473,0.4685709344982733
115,115,3.6500244140625,150.0,150.0,23.0,15.0,499.0,490.0,607.7606679951012,244.0121195081741,684.0047539529129,395.29651152163063,76.34639119476594,151.47354759419926,0.4668620870757081
116,116,3.6800537109375,150.0,150.0,23.0,21.0,495.0,489.0,607.7320922528003,243.85094403116958,683.9536725797707,395.2945240990586,76.29530982162373,151.47156017162723,0.4665984075872496
117,117,3.7100830078125,150.0,150.0,23.0,11.0,500.0,489.0,607.7134830597795,243.86859590519745,684.2076416924971,395.268157047708,76.54927893435013,151.4451931202766,0.4680049665367999
118,118,3.75,150.0,150.0,23.0,11.0,497.0,488.0,607.6419438835818,243.9453363831061,684.3795619267257,395.1527791043345,76.72119916857878,151.32981517690314,0.4692160541104454
119,119,3.780029296875,150.0,150.0,23.0,7.0,494.0,489.0,607.7134830597795,243.86859590519745,684.3308051490051,395.2261144696325,76.67244239085812,151.4031505422011,0.46876441021018334
120,120,3.81005859375,150.0,150.0,23.0,26.0,496.0,489.0,607.8348030913266,243.92143281668461,684.0738913067967,395.26615072435766,76.41552854864972,151.44318679692628,0.4673066049056765
121,121,3.840087890625,150.0,150.0,23.0,7.0,497.0,491.0,607.6980809321043,243.91404021255696,684.2076416924971,395.268157047708,76.54927893435013,151.4451931202766,0.4680049665367999
122,122,3.8699951171875,150.0,150.0,23.0,9.0,501.0,490.0,607.6216215519922,243.82772849891842,684.2830229682908,395.0688969917148,76.62466021014382,151.2459330642834,0.46893191756905234
123,123,3.9000244140625,150.0,150.0,23.0,6.0,493.0,489.0,607.7811796840297,243.76725139068336,684.4073407114877,394.9577444225541,76.74897795334073,151.1347804951227,0.4698825145439543
124,124,3.9400634765625,150.0,150.0,23.0,7.0,500.0,489.0,607.6402213399684,243.81006777860125,684.3038752314137,395.110101933465,76.64551247326676,151.28713800603362,0.4689317960344066
125,125,3.969970703125,150.0,150.0,23.0,24.0,497.0,491.0,607.6906351005655,243.7804042026797,684.2424277330482,395.1045323535923,76.58406497490125,151.2815684261609,0.46862337024929984
126,126,4.0,150.0,150.0,24.0,6.0,496.0,490.0,607.6752429331349,243.82583723988532,684.2666260049626,395.1091810461791,76.60826324681568,151.28621711874774,0.4687383024693889
127,127,4.030029296875,150.0,150.0,22.0,17.0,500.0,489.0,607.6752429331349,243.82583723988532,684.2666260049626,395.1091810461791,76.60826324681568,151.28621711874774,0.4687383024693889
128,128,4.06005859375,150.0,150.0,23.0,15.0,500.0,490.0,607.7569617593273,243.77253633501576,684.4340290694997,395.00444414017375,76.77566631135278,151.18148021274237,0.4698981500429663
129,129,4.090087890625,150.0,150.0,24.0,15.0,498.0,491.0,607.7092345160213,243.76275326069543,684.4021701820285,394.93771441025,76.74380742388155,151.11475048281864,0.46990882398529743
130,130,4.1300048828125,150.0,150.0,23.0,20.0,500.0,491.0,607.6211280123463,243.91947889598217,684.3100813096103,395.03491287330735,76.65171855146332,151.21194894587597,0.4691648906311091
131,131,4.1600341796875,150.0,150.0,23.0,10.0,499.0,488.0,607.6906351005655,243.7804042026797,684.2830229682908,395.0688969917148,76.62466021014382,151.2459330642834,0.46893191756905234
132,132,4.1900634765625,150.0,150.0,23.0,24.0,498.0,489.0,607.6216215519922,243.82772849891842,684.3523908368875,394.9849930489695,76.69402807874053,151.16202912153813,0.4695206834584575
133,133,4.219970703125,150.0,150.0,23.0,4.0,497.0,491.0,607.723706675144,243.82501123883802,684.4547463811309,394.99400259343287,76.79638362298397,151.1710386660015,0.4700349737633702
134,134,4.25,150.0,150.0,24.0,9.0,503.0,491.0,607.6004947355383,243.87477659459282,684.4801078750918,394.906393758991,76.82174511694484,151.0834298315596,0.47040248614697666
135,135,4.2900390625,150.0,150.0,23.0,10.0,498.0,490.0,607.6542656077056,243.87309426704635,684.4129626491457,395.04351664392,76.75459989099875,151.2205527164886,0.46968306574251767
136,136,4.320068359375,150.0,150.0,23.0,13.0,498.0,488.0,607.8120861949753,243.84418356414727,684.3100813096103,395.03491287330735,76.65171855146332,151.21194894587597,0.4691648906311091
137,137,4.3499755859375,150.0,150.0,23.0,19.0,497.0,489.0,607.6420880070724,243.87245414386382,684.4314613935295,394.9528849894754,76.77309863538255,151.12992106204405,0.47002236754627363
138,138,4.3800048828125,150.0,150.0,22.0,6.0,500.0,487.0,607.6906351005655,243.7804042026797,684.4990537604967,394.89351191290405,76.84069100234979,151.07054798547267,0.47053657519208275
139,139,4.4100341796875,150.0,150.0,23.0,10.0,499.0,488.0,607.6420880070724,243.87245414386382,684.5224299845316,394.93402364503265,76.86406722638469,151.11105971760128,0.4705511397851653
140,140,4.4500732421875,150.0,150.0,23.0,7.0,497.0,489.0,607.6004947355383,243.87477659459282,684.4057243152173,394.9434623607216,76.74736155707035,151.1204984332902,0.4699121645457326
141,141,4.47998046875,150.0,150.0,23.0,16.0,497.0,489.0,607.7227844700715,243.84715331974206,684.4305766826986,394.9989579319661,76.77221392455169,151.17599400453474,0.46989464631115724
142,142,4.510009765625,150.0,150.0,23.0,13.0,501.0,491.0,607.5760464407496,243.9209279749365,684.5367618816794,394.92435747623864,76.8783991235324,151.10139354880727,0.4706523387642237
143,143,4.5400390625,150.0,150.0,23.0,11.0,500.0,490.0,607.6360519488176,243.90107884559802,684.5675340674898,394.83705382562243,76.90917130934281,151.01408989819106,0.47104778088353966
144,144,4.570068359375,150.0,150.0,23.0,25.0,496.0,491.0,607.6658530849238,243.8262007340804,684.4397985681345,394.95037081609934,76.78143580998756,151.12740688866796,0.47007293433042957
145,145,4.6099853515625,150.0,150.0,22.0,3.0,499.0,488.0,607.6498849050754,243.82389218897046,684.548869413754,394.8498047552837,76.89050665560706,151.0268408278523,0.47091549718679165
146,146,4.6400146484375,150.0,150.0,23.0,19.0,498.0,493.0,607.6454092704229,243.87288828880364,684.5131979635521,394.8841452402906,76.85483520540515,151.06118131285922,0.4706360135737164
147,147,4.6700439453125,150.0,150.0,23.0,4.0,501.0,492.0,607.7292773142103,243.92263385844663,684.6301763551812,394.8003742094679,76.97181359703427,150.97741028203654,0.47147539427681256
148,148,4.7000732421875,150.0,150.0,23.0,16.0,497.0,490.0,607.6123400579693,243.82828825330705,684.6301763551812,394.8003742094679,76.97181359703427,150.97741028203654,0.47147539427681256
149,149,4.72998046875,150.0,150.0,23.0,4.0,499.0,493.0,607.6123400579693,243.82828825330705,684.6301763551812,394.8003742094679,76.97181359703427,150.97741028203654,0.47147539427681256
150,150,4.760009765625,150.0,150.0,23.0,10.0,498.0,492.0,607.5434040194486,243.87556965925216,684.5131979635521,394.8841452402906,76.85483520540515,151.06118131285922,0.4706360135737164
151,151,4.800048828125,150.0,150.0,23.0,16.0,501.0,491.0,607.5223177598502,243.92259130012005,684.5675340674898,394.83705382562243,76.90917130934281,151.01408989819106,0.47104778088353966
152,152,4.830078125,150.0,150.0,23.0,6.0,503.0,492.0,607.5223177598502,243.92259130012005,684.5675340674898,394.83705382562243,76.90917130934281,151.01408989819106,0.47104778088353966
153,153,4.8599853515625,150.0,150.0,23.0,17.0,496.0,490.0,607.7348700112111,243.86283846645233,684.6996750895487,394.7772625412829,77.04131233140174,150.9542986138515,0.47190267097258376
154,154,4.8900146484375,150.0,150.0,23.0,10.0,498.0,492.0,607.6454092704229,243.87288828880364,684.6301763551812,394.8003742094679,76.97181359703427,150.97741028203654,0.47147539427681256
155,155,4.9200439453125,150.0,150.0,23.0,15.0,499.0,491.0,607.6498889387436,243.90261552448615,684.6301763551812,394.8003742094679,76.97181359703427,150.97741028203654,0.47147539427681256
156,156,4.9600830078125,150.0,150.0,23.0,12.0,501.0,492.0,607.6454092704229,243.87288828880364,684.5675340674898,394.83705382562243,76.90917130934281,151.01408989819106,0.47104778088353966
157,157,4.989990234375,150.0,150.0,23.0,9.0,498.0,491.0,607.6123400579693,243.82828825330705,684.7241580410379,394.8172880029102,77.06579528289092,150.9943240754788,0.4719239790891777
158,158,5.02001953125,150.0,150.0,23.0,22.0,502.0,491.0,607.6658530849238,243.8262007340804,684.6996750895487,394.7772625412829,77.04131233140174,150.9542986138515,0.47190267097258376
159,159,5.050048828125,150.0,150.0,23.0,10.0,498.0,491.0,607.6664762473866,243.9105884909224,684.6522992050202,394.8080680687939,76.99393644687325,150.9851041413625,0.4715710654933956
160,160,5.090087890625,150.0,150.0,23.0,17.0,499.0,492.0,607.6837088668135,243.7765181006868,684.6996750895487,394.7772625412829,77.04131233140174,150.9542986138515,0.47190267097258376
161,161,5.1199951171875,150.0,150.0,23.0,18.0,497.0,493.0,607.6323261120374,243.87290052577896,684.6301763551812,394.8003742094679,76.97181359703427,150.97741028203654,0.47147539427681256
162,162,5.1500244140625,150.0,150.0,23.0,14.0,502.0,490.0,607.5863321882624,243.82345558807214,684.7012742314795,394.86869355299933,77.04291147333254,151.04572962556796,0.4716659486780751
163,163,5.1800537109375,150.0,150.0,23.0,25.0,499.0,491.0,607.6049356302854,243.80578531908253,684.7870132626681,394.82933999886797,77.12865050452115,151.0063760714366,0.47222183816172963
164,164,5.2100830078125,150.0,150.0,23.0,13.0,499.0,491.0,607.6521580391437,243.90830240508748,684.7487242432128,394.8378679458774,77.09036148506584,151.01490401844603,0.47199785154999635
165,165,5.25,150.0,150.0,23.0,20.0,502.0,493.0,607.6404266665069,243.91449688472355,684.7708610288139,394.8456662907212,77.11249827066695,151.02270236328985,0.4720932144183756
166,166,5.280029296875,150.0,150.0,23.0,13.0,497.0,493.0,607.6553602171499,243.7761055943853,684.724312592454,394.78791512217333,77.06594983430705,150.96495119474196,0.4720035705431023
167,167,5.31005859375,150.0,150.0,23.0,18.0,500.0,494.0,607.6526530427792,243.8158656510145,684.7870132626681,394.82933999886797,77.12865050452115,151.0063760714366,0.47222183816172963
168,168,5.340087890625,150.0,150.0,23.0,14.0,501.0,493.0,607.6553602171499,243.7761055943853,684.7870132626681,394.82933999886797,77.12865050452115,151.0063760714366,0.47222183816172963
169,169,5.3699951171875,150.0,150.0,23.0,16.0,504.0,491.0,607.6189865024414,243.86884543308116,684.7870132626681,394.82933999886797,77.12865050452115,151.0063760714366,0.47222183816172963
170,170,5.4100341796875,150.0,150.0,22.0,24.0,505.0,493.0,607.7288145222483,243.8188733665592,684.7708610288139,394.8456662907212,77.11249827066695,151.02270236328985,0.4720932144183756
171,171,5.4400634765625,150.0,150.0,23.0,6.0,500.0,491.0,607.6189865024414,243.86884543308116,684.7708610288139,394.8456662907212,77.11249827066695,151.02270236328985,0.4720932144183756
172,172,5.469970703125,150.0,150.0,23.0,23.0,498.0,491.0,607.6189865024414,243.86884543308116,684.7870132626681,394.82933999886797,77.12865050452115,151.0063760714366,0.47222183816172963
173,173,5.5,150.0,150.0,23.0,7.0,501.0,489.0,607.5863321882624,243.82345558807214,684.7870132626681,394.82933999886797,77.12865050452115,151.0063760714366,0.47222183816172963
174,174,5.5400390625,150.0,150.0,23.0,13.0,498.0,490.0,607.7569495903607,243.78388908291384,684.7402600368458,394.7715778041989,77.08189727869888,150.94861387676752,0.4721311990835268
175,175,5.570068359375,150.0,150.0,23.0,7.0,499.0,492.0,607.7569495903607,243.78388908291384,684.7402600368458,394.7715778041989,77.08189727869888,150.94861387676752,0.4721311990835268
176,176,5.5999755859375,150.0,150.0,23.0,11.0,498.0,490.0,607.6524406973872,243.92755670645482,684.7402600368458,394.7715778041989,77.08189727869888,150.94861387676752,0.4721311990835268
177,177,5.6300048828125,150.0,150.0,23.0,19.0,500.0,490.0,607.5501758315995,243.91831686093875,684.7402600368458,394.7715778041989,77.08189727869888,150.94861387676752,0.4721311990835268
178,178,5.6600341796875,150.0,150.0,23.0,9.0,499.0,490.0,607.6049356302854,243.80578531908253,684.8102931849191,394.8223063419785,77.1519304267722,150.99934241454713,0.472362970753963
179,179,5.6900634765625,150.0,150.0,23.0,21.0,497.0,491.0,607.7011691312741,243.8150508202869,684.8102931849191,394.8223063419785,77.1519304267722,150.99934241454713,0.472362970753963
180,180,5.719970703125,150.0,150.0,23.0,13.0,499.0,492.0,607.6553602171499,243.7761055943853,684.7634860015678,394.76469895212125,77.10512324342085,150.94173502468988,0.47227169555087584
181,181,5.760009765625,150.0,150.0,23.0,15.0,499.0,492.0,607.6346831253227,243.82263349354741,684.7634860015678,394.76469895212125,77.10512324342085,150.94173502468988,0.47227169555087584
182,182,5.7900390625,150.0,150.0,23.0,3.0,500.0,491.0,607.5116201937972,243.78044693358163,684.7543770854858,394.6221291396734,77.09601432733882,150.79916521224203,0.47260674111281703
183,183,5.820068359375,150.0,150.0,23.0,10.0,501.0,491.0,607.5116201937972,243.78044693358163,684.7543770854858,394.6221291396734,77.09601432733882,150.79916521224203,0.47260674111281703
184,184,5.8499755859375,150.0,150.0,23.0,19.0,501.0,494.0,607.5091419219649,243.7901580232657,684.8053326625159,394.6534277387631,77.14696990436892,150.83046381133175,0.4727904476632565
185,185,5.8900146484375,150.0,150.0,23.0,6.0,499.0,492.0,607.5522251531974,243.77856795282975,684.7041492841664,394.7072363290271,77.04578652601947,150.88427240159575,0.4721140891478078
186,186,5.9200439453125,150.0,150.0,23.0,20.0,502.0,493.0,607.497058609007,243.82764305885726,684.7300885252271,394.67268472987746,77.07172576708012,150.8497208024461,0.47234322260069206
187,187,5.9500732421875,150.0,150.0,23.0,8.0,501.0,493.0,607.4819021823059,243.76361099198303,684.6573513587007,394.6496487549516,76.99898860055373,150.82668482752024,0.47202262148495516
188,188,5.97998046875,150.0,150.0,23.0,15.0,499.0,491.0,607.5591949093672,243.79053651899207,684.7804977029002,394.6875249618782,77.12213494475327,150.8645610344468,0.4725683110991026
189,189,6.010009765625,150.0,150.0,23.0,12.0,497.0,491.0,607.4422690705559,243.8283074395039,684.8053326625159,394.6534277387631,77.14696990436892,150.83046381133175,0.4727904476632565
190,190,6.0400390625,150.0,150.0,24.0,8.0,500.0,490.0,607.5853178686897,243.8233792707917,684.7543770854858,394.6221291396734,77.09601432733882,150.79916521224203,0.47260674111281703
191,191,6.080078125,150.0,150.0,23.0,18.0,500.0,491.0,607.5147946896425,243.8089084286865,684.8262042730322,394.6452554146292,77.16784151488525,150.82229148719784,0.47292209573562566
192,192,6.1099853515625,150.0,150.0,23.0,7.0,499.0,493.0,607.532236353701,243.73395295733738,684.8262042730322,394.6452554146292,77.16784151488525,150.82229148719784,0.47292209573562566
193,193,6.1400146484375,150.0,150.0,23.0,9.0,503.0,494.0,607.4959773823339,243.82662520276256,684.8421859999473,394.622526299672,77.18382324180038,150.79956237224064,0.473067195070699
194,194,6.1700439453125,150.0,150.0,23.0,8.0,504.0,492.0,607.6526787918413,243.7239403161196,684.7543770854858,394.6221291396734,77.09601432733882,150.79916521224203,0.47260674111281703
195,195,6.2000732421875,150.0,150.0,24.0,12.0,499.0,492.0,607.6045475591261,243.7141191333697,684.8053326625159,394.6534277387631,77.14696990436892,150.83046381133175,0.4727904476632565
196,196,6.22998046875,150.0,150.0,23.0,14.0,502.0,490.0,607.5504059381877,243.8076267079438,684.7543770854858,394.6221291396734,77.09601432733882,150.79916521224203,0.47260674111281703
197,197,6.27001953125,150.0,150.0,23.0,0.0,498.0,491.0,607.5504059381877,243.8076267079438,684.7543770854858,394.6221291396734,77.09601432733882,150.79916521224203,0.47260674111281703
198,198,6.300048828125,150.0,150.0,23.0,12.0,504.0,492.0,607.5372332201563,243.8243003267007,684.8664875392054,394.5889328753793,77.20812478105847,150.76596894794795,0.47328526805789206
199,199,6.330078125,150.0,150.0,23.0,10.0,502.0,491.0,607.5372332201563,243.8243003267007,684.8664875392054,394.5889328753793,77.20812478105847,150.76596894794795,0.47328526805789206
200,200,6.3599853515625,150.0,150.0,23.0,3.0,499.0,493.0,607.5356734028709,243.7616382675596,684.8262042730322,394.6452554146292,77.16784151488525,150.82229148719784,0.47292209573562566
201,201,6.3900146484375,150.0,150.0,23.0,2.0,500.0,492.0,607.4633367575618,243.78126836771816,684.8015359289209,394.67932207282865,77.14317317077393,150.85635814539728,0.4727009049407414
202,202,6.4200439453125,150.0,150.0,23.0,9.0,499.0,495.0,607.7069143826004,243.7991196002675,685.0514568907009,394.67685368002236,77.39309413255398,150.853889752591,0.47401993406254644
203,203,6.4600830078125,150.0,150.0,23.0,9.0,502.0,494.0,607.7069143826004,243.7991196002675,685.0514568907009,394.67685368002236,77.39309413255398,150.853889752591,0.47401993406254644
204,204,6.489990234375,150.0,150.0,23.0,10.0,498.0,492.0,607.6706596642293,243.88665916836442,685.0514568907009,394.67685368002236,77.39309413255398,150.853889752591,0.47401993406254644
205,205,6.52001953125,150.0,150.0,23.0,13.0,499.0,492.0,607.6738192809581,243.75449783838596,685.0110891885072,394.7331731989918,77.35272643036024,150.9102092715604,0.47365653738748265
206,206,6.550048828125,150.0,150.0,23.0,10.0,497.0,493.0,607.6738192809581,243.75449783838596,685.0514568907009,394.67685368002236,77.39309413255398,150.853889752591,0.47401993406254644
207,207,6.580078125,150.0,150.0,23.0,13.0,498.0,493.0,607.6385588960022,243.84822817035084,685.0514568907009,394.67685368002236,77.39309413255398,150.853889752591,0.47401993406254644
208,208,6.6199951171875,150.0,150.0,23.0,6.0,498.0,491.0,607.6584407621008,243.79994178567344,685.0514568907009,394.67685368002236,77.39309413255398,150.853889752591,0.47401993406254644
209,209,6.6500244140625,150.0,150.0,22.0,7.0,503.0,494.0,607.7869831401666,243.89120197715772,685.0514568907009,394.67685368002236,77.39309413255398,150.853889752591,0.47401993406254644
210,210,6.6800537109375,150.0,150.0,23.0,20.0,500.0,492.0,607.6531578376312,243.80101150638862,685.0514568907009,394.67685368002236,77.39309413255398,150.853889752591,0.47401993406254644
211,211,6.7100830078125,150.0,150.0,23.0,9.0,498.0,493.0,607.6523585461179,243.81196413098067,685.0514568907009,394.67685368002236,77.39309413255398,150.853889752591,0.47401993406254644
212,212,6.739990234375,150.0,150.0,23.0,17.0,501.0,493.0,607.7550013843174,243.80925829534686,685.0514568907009,394.67685368002236,77.39309413255398,150.853889752591,0.47401993406254644
213,213,6.77001953125,150.0,150.0,23.0,7.0,499.0,491.0,607.6584407621008,243.79994178567344,685.0514568907009,394.67685368002236,77.39309413255398,150.853889752591,0.47401993406254644
214,214,6.81005859375,150.0,150.0,23.0,12.0,497.0,492.0,607.6975437781708,243.82733169191133,685.0514568907009,394.67685368002236,77.39309413255398,150.853889752591,0.47401993406254644
215,215,6.840087890625,150.0,150.0,23.0,21.0,500.0,491.0,607.7762703770784,243.83592813670518,685.0110891885072,394.7331731989918,77.35272643036024,150.9102092715604,0.47365653738748265
216,216,6.8699951171875,150.0,150.0,23.0,12.0,503.0,493.0,607.5836950418343,243.84888804773263,685.0514568907009,394.67685368002236,77.39309413255398,150.853889752591,0.47401993406254644
217,217,6.9000244140625,150.0,150.0,22.0,10.0,500.0,492.0,607.7563457509373,243.79083920393413,685.0514568907009,394.67685368002236,77.39309413255398,150.853889752591,0.47401993406254644
218,218,6.9300537109375,150.0,150.0,23.0,8.0,505.0,492.0,607.7077901721742,243.79164769007832,685.0514568907009,394.67685368002236,77.39309413255398,150.853889752591,0.47401993406254644
219,219,6.969970703125,150.0,150.0,21.0,19.0,503.0,493.0,607.7077901721742,243.79164769007832,685.0514568907009,394.67685368002236,77.39309413255398,150.853889752591,0.47401993406254644
220,220,7.0,150.0,150.0,22.0,9.0,501.0,493.0,607.7273850431983,243.7523951030442,685.0514568907009,394.67685368002236,77.39309413255398,150.853889752591,0.47401993406254644
221,221,7.030029296875,150.0,150.0,23.0,13.0,501.0,492.0,607.7273850431983,243.7523951030442,685.0514568907009,394.67685368002236,77.39309413255398,150.853889752591,0.47401993406254644
222,222,7.06005859375,150.0,150.0,23.0,11.0,499.0,494.0,607.4234222534049,243.8367794690609,684.7470833155206,394.390653748508,77.08872055737368,150.5676898210766,0.47319126763425395
223,223,7.090087890625,150.0,150.0,23.0,11.0,502.0,493.0,607.4234222534049,243.8367794690609,684.7470833155206,394.390653748508,77.08872055737368,150.5676898210766,0.47319126763425395
224,224,7.1300048828125,150.0,150.0,23.0,5.0,499.0,493.0,607.6144356869637,243.669483037588,684.7470833155206,394.390653748508,77.08872055737368,150.5676898210766,0.47319126763425395
225,225,7.1600341796875,150.0,150.0,23.0,17.0,502.0,493.0,607.4238591503697,243.74512724771813,684.7470833155206,394.390653748508,77.08872055737368,150.5676898210766,0.47319126763425395
226,226,7.1900634765625,150.0,150.0,23.0,5.0,504.0,490.0,607.44431774859,243.7898047459741,684.7470833155206,394.390653748508,77.08872055737368,150.5676898210766,0.47319126763425395
227,227,7.219970703125,150.0,150.0,23.0,10.0,502.0,492.0,607.4238591503697,243.74512724771813,684.7470833155206,394.390653748508,77.08872055737368,150.5676898210766,0.47319126763425395
228,228,7.25,150.0,150.0,23.0,21.0,501.0,492.0,607.3947487079092,243.78771076378163,684.7470833155206,394.390653748508,77.08872055737368,150.5676898210766,0.47319126763425395
229,229,7.2900390625,150.0,150.0,23.0,12.0,501.0,490.0,607.4238591503697,243.74512724771813,684.7470833155206,394.390653748508,77.08872055737368,150.5676898210766,0.47319126763425395
230,230,7.320068359375,150.0,150.0,23.0,11.0,501.0,492.0,607.4927256874131,243.69785267118667,684.7470833155206,394.390653748508,77.08872055737368,150.5676898210766,0.47319126763425395
231,231,7.3499755859375,150.0,150.0,24.0,8.0,499.0,493.0,607.4907112925247,243.72669596339645,684.7470833155206,394.390653748508,77.08872055737368,150.5676898210766,0.47319126763425395
232,232,7.3800048828125,150.0,150.0,23.0,24.0,504.0,493.0,607.4773875253122,243.74323728085255,684.8172496523463,394.3745233586905,77.15888689419933,150.55155943125914,0.47360390874372427
233,233,7.4100341796875,150.0,150.0,23.0,9.0,502.0,495.0,607.5589339023811,243.6899923330028,684.7470833155206,394.390653748508,77.08872055737368,150.5676898210766,0.47319126763425395
234,234,7.4400634765625,150.0,150.0,23.0,17.0,497.0,489.0,607.3878264167238,243.8398366777753,684.7470833155206,394.390653748508,77.08872055737368,150.5676898210766,0.47319126763425395
235,235,7.47998046875,150.0,150.0,23.0,5.0,499.0,489.0,607.4927256874131,243.69785267118667,684.7470833155206,394.390653748508,77.08872055737368,150.5676898210766,0.47319126763425395
236,236,7.510009765625,150.0,150.0,23.0,19.0,501.0,490.0,607.4213937836755,243.77450539337605,684.7470833155206,394.390653748508,77.08872055737368,150.5676898210766,0.47319126763425395
237,237,7.5400390625,150.0,150.0,23.0,0.0,502.0,493.0,607.4238591503697,243.74512724771813,684.8172496523463,394.3745233586905,77.15888689419933,150.55155943125914,0.47360390874372427
238,238,7.570068359375,150.0,150.0,22.0,13.0,502.0,491.0,607.4907112925247,243.72669596339645,684.7470833155206,394.390653748508,77.08872055737368,150.5676898210766,0.47319126763425395
239,239,7.5999755859375,150.0,150.0,23.0,3.0,502.0,492.0,607.4238591503697,243.74512724771813,684.7470833155206,394.390653748508,77.08872055737368,150.5676898210766,0.47319126763425395
240,240,7.6300048828125,150.0,150.0,23.0,9.0,502.0,492.0,607.5949990486413,243.77916404510344,684.7470833155206,394.390653748508,77.08872055737368,150.5676898210766,0.47319126763425395
241,241,7.6700439453125,150.0,150.0,23.0,9.0,501.0,492.0,607.5949990486413,243.77916404510344,684.7470833155206,394.390653748508,77.08872055737368,150.5676898210766,0.47319126763425395
242,242,7.7000732421875,150.0,150.0,23.0,13.0,499.0,490.0,607.4306323332652,243.8515761933039,684.5581102719879,394.520643157186,76.89974751384091,150.6976792297546,0.4718468858057911
243,243,7.72998046875,150.0,150.0,23.0,4.0,500.0,492.0,607.4306323332652,243.8515761933039,684.5581102719879,394.520643157186,76.89974751384091,150.6976792297546,0.4718468858057911
244,244,7.760009765625,150.0,150.0,23.0,0.0,502.0,493.0,607.4512185588933,243.8050958551117,684.6282351840676,394.5045338787937,76.9698724259207,150.68156995136235,0.472259319452011
245,245,7.7900390625,150.0,150.0,23.0,8.0,503.0,493.0,607.4861029680933,243.82063587056183,684.6282351840676,394.5045338787937,76.9698724259207,150.68156995136235,0.472259319452011
246,246,7.820068359375,150.0,150.0,48.0,9.0,501.0,493.0,607.4651937241717,243.87828975956776,684.5581102719879,394.520643157186,76.89974751384091,150.6976792297546,0.4718468858057911
247,247,7.8499755859375,150.0,150.0,23.0,11.0,500.0,493.0,607.554037807658,243.89762845345768,684.6282351840676,394.5045338787937,76.9698724259207,150.68156995136235,0.472259319452011
248,248,7.8900146484375,150.0,150.0,23.0,13.0,501.0,493.0,607.411234261128,243.8801254536652,684.6282351840676,394.5045338787937,76.9698724259207,150.68156995136235,0.472259319452011
249,249,7.9200439453125,150.0,150.0,23.0,13.0,501.0,494.0,607.4326601678399,243.82272706273045,684.6303614885745,394.4628139650019,76.97199873042757,150.6398500375705,0.472382700993228
250,250,7.9500732421875,150.0,150.0,23.0,7.0,499.0,492.0,607.4526018078287,243.86731798585262,684.649240467558,394.4645737513579,76.99087770941105,150.6416098239265,0.47247734070565983
251,251,7.97998046875,150.0,150.0,23.0,13.0,503.0,493.0,607.4512185588933,243.8050958551117,684.6282351840676,394.5045338787937,76.9698724259207,150.68156995136235,0.472259319452011
252,252,8.010009765625,150.0,150.0,23.0,3.0,505.0,493.0,607.342719615939,243.91699634597626,684.649240467558,394.4645737513579,76.99087770941105,150.6416098239265,0.47247734070565983
253,253,8.0400390625,150.0,150.0,23.0,10.0,501.0,493.0,607.3637967168765,243.86999358278442,684.6282351840676,394.5045338787937,76.9698724259207,150.68156995136235,0.472259319452011
254,254,8.080078125,150.0,150.0,23.0,3.0,503.0,493.0,607.4004286420753,243.94558963530181,684.649240467558,394.4645737513579,76.99087770941105,150.6416098239265,0.47247734070565983
255,255,8.1099853515625,150.0,150.0,43.0,21.0,504.0,493.0,607.3842254704233,243.91468645377788,684.649240467558,394.4645737513579,76.99087770941105,150.6416098239265,0.47247734070565983
256,256,8.1400146484375,150.0,150.0,23.0,25.0,503.0,494.0,607.417305519853,243.86811758661992,684.6512852266031,394.4228491580052,76.99292246845619,150.59988523057382,0.47260037119160486
257,257,8.1700439453125,150.0,150.0,23.0,5.0,502.0,493.0,607.4326601678399,243.82272706273045,684.6588031937526,394.3808799111312,77.0004404356057,150.55791598369984,0.47275292921524853
258,258,8.2000732421875,150.0,150.0,23.0,20.0,502.0,493.0,607.417305519853,243.86811758661992,684.6512852266031,394.4228491580052,76.99292246845619,150.59988523057382,0.47260037119160486
259,259,8.239990234375,150.0,150.0,23.0,6.0,500.0,494.0,607.4326601678399,243.82272706273045,684.6303614885745,394.4628139650019,76.97199873042757,150.6398500375705,0.472382700993228
260,260,8.27001953125,150.0,150.0,23.0,11.0,497.0,495.0,607.4844776701782,243.84961412645993,684.649240467558,394.4645737513579,76.99087770941105,150.6416098239265,0.47247734070565983
261,261,8.300048828125,150.0,150.0,23.0,7.0,501.0,492.0,607.4027299075426,243.89722498442117,684.6588031937526,394.3808799111312,77.0004404356057,150.55791598369984,0.47275292921524853
262,262,8.330078125,150.0,150.0,23.0,0.0,500.0,496.0,607.5881328326884,243.82683211412362,685.1457146457099,394.40238156719073,77.48735188756291,150.57941763975936,0.47525498519662596
263,263,8.3599853515625,150.0,150.0,23.0,5.0,502.0,497.0,607.5881328326884,243.82683211412362,685.1457146457099,394.40238156719073,77.48735188756291,150.57941763975936,0.47525498519662596
264,264,8.3900146484375,150.0,150.0,23.0,9.0,500.0,493.0,607.6389409246021,243.70525397164602,685.1328116455308,394.4441239865556,77.4744488873838,150.62116005912424,0.47507448445385525
265,265,8.4200439453125,150.0,150.0,23.0,17.0,505.0,493.0,607.6389409246021,243.70525397164602,685.1382143241527,394.44440872177717,77.47985156600578,150.6214447943458,0.4751020798603907
266,266,8.4600830078125,150.0,150.0,23.0,14.0,503.0,491.0,607.665921889897,243.7618249216734,685.1932097395683,394.4449601849078,77.53484698142131,150.62199625747644,0.47538927153143473
267,267,8.489990234375,150.0,150.0,23.0,11.0,499.0,494.0,607.6439451512957,243.79557861493774,685.1328116455308,394.4441239865556,77.4744488873838,150.62116005912424,0.47507448445385525
268,268,8.52001953125,150.0,150.0,23.0,8.0,501.0,494.0,607.6183112323149,243.75173467370143,685.1382143241527,394.44440872177717,77.47985156600578,150.6214447943458,0.4751020798603907
269,269,8.550048828125,150.0,150.0,23.0,14.0,501.0,494.0,607.6374864053354,243.83792899566936,685.2023275430328,394.36096989860357,77.54396478488582,150.5380059711722,0.47566415560984715
270,270,8.580078125,150.0,150.0,23.0,8.0,506.0,491.0,607.7418019730949,243.69470123114644,685.1457146457099,394.40238156719073,77.48735188756291,150.57941763975936,0.47525498519662596
271,271,8.6199951171875,150.0,150.0,23.0,20.0,499.0,494.0,607.6389409246021,243.70525397164602,685.2023275430328,394.36096989860357,77.54396478488582,150.5380059711722,0.47566415560984715
272,272,8.6500244140625,150.0,150.0,23.0,31.0,500.0,494.0,607.6711300592266,243.7719751507452,685.1457146457099,394.40238156719073,77.48735188756291,150.57941763975936,0.47525498519662596
273,273,8.6800537109375,150.0,150.0,23.0,16.0,498.0,494.0,607.6183112323149,243.75173467370143,685.2023275430328,394.36096989860357,77.54396478488582,150.5380059711722,0.47566415560984715
274,274,8.7100830078125,150.0,150.0,23.0,10.0,499.0,492.0,607.622438367716,243.78133221342947,685.1457146457099,394.40238156719073,77.48735188756291,150.57941763975936,0.47525498519662596
275,275,8.739990234375,150.0,150.0,23.0,7.0,502.0,495.0,607.6026585904895,243.79790008803212,685.1457146457099,394.40238156719073,77.48735188756291,150.57941763975936,0.47525498519662596
276,276,8.77001953125,150.0,150.0,23.0,20.0,502.0,492.0,607.6924734340431,243.70315170044327,685.2122544107008,394.2675735146423,77.55389165255383,150.44460958721095,0.4759689793742751
277,277,8.81005859375,150.0,150.0,23.0,11.0,502.0,493.0,607.6423816527455,243.73293244695662,685.2023275430328,394.36096989860357,77.54396478488582,150.5380059711722,0.47566415560984715
278,278,8.840087890625,150.0,150.0,23.0,25.0,501.0,494.0,607.6439451512957,243.79557861493774,685.2023275430328,394.36096989860357,77.54396478488582,150.5380059711722,0.47566415560984715
279,279,8.8699951171875,150.0,150.0,23.0,19.0,501.0,494.0,607.5699917660532,243.7525526115639,685.1457146457099,394.40238156719073,77.48735188756291,150.57941763975936,0.47525498519662596
280,280,8.9000244140625,150.0,150.0,23.0,20.0,499.0,494.0,607.6235905210493,243.7506656170274,685.2023275430328,394.36096989860357,77.54396478488582,150.5380059711722,0.47566415560984715
281,281,8.9400634765625,150.0,150.0,23.0,7.0,498.0,495.0,607.7123797500368,243.74798476367116,685.2250131182358,394.351968814221,77.56665036008883,150.5290048867896,0.4758075905805173
282,282,8.969970703125,150.0,150.0,39.0,30.0,499.0,492.0,607.6510319019618,243.771605349659,685.0923107090235,394.430632041136,77.43394795087659,150.60766811370462,0.4748982523154004
283,283,9.0,150.0,150.0,23.0,8.0,502.0,494.0,607.6510319019618,243.771605349659,685.0587090858683,394.4634387271248,77.40034632772131,150.64047479969344,0.4746332334348075
284,284,9.030029296875,150.0,150.0,23.0,15.0,503.0,492.0,607.7526482860991,243.80101682683,685.1048346129717,394.5152904347008,77.44647185482472,150.6923265072694,0.474735518049215
285,285,9.06005859375,150.0,150.0,23.0,7.0,500.0,491.0,607.6985620345596,243.78144383288532,685.1048346129717,394.5152904347008,77.44647185482472,150.6923265072694,0.474735518049215
286,286,9.090087890625,150.0,150.0,23.0,17.0,502.0,494.0,607.6146408579092,243.86434692778312,685.1012676664343,394.47294592120176,77.44290490828735,150.64998199377038,0.4748310571346474
287,287,9.1300048828125,150.0,150.0,23.0,12.0,499.0,494.0,607.6146408579092,243.86434692778312,685.1012676664343,394.47294592120176,77.44290490828735,150.64998199377038,0.4748310571346474
288,288,9.1600341796875,150.0,150.0,23.0,12.0,501.0,492.0,607.7234647404607,243.75175519418133,685.1275406898079,394.5062909820629,77.46917793166097,150.68332705463155,0.4748789908605929
289,289,9.1900634765625,150.0,150.0,23.0,0.0,502.0,492.0,607.7046037115774,243.7694961153744,685.1048346129717,394.5152904347008,77.44647185482472,150.6923265072694,0.474735518049215
290,290,9.219970703125,150.0,150.0,23.0,11.0,501.0,493.0,607.7539743360767,243.76103274678218,685.1048346129717,394.5152904347008,77.44647185482472,150.6923265072694,0.474735518049215
291,291,9.260009765625,150.0,150.0,46.0,14.0,498.0,491.0,607.7234647404607,243.75175519418133,685.1048346129717,394.5152904347008,77.44647185482472,150.6923265072694,0.474735518049215
292,292,9.2900390625,150.0,150.0,23.0,13.0,501.0,491.0,607.5819920215163,243.81895731846242,685.127983947707,394.479584559067,77.46962118956003,150.65662063163563,0.4749533984145959
293,293,9.320068359375,150.0,150.0,23.0,11.0,502.0,489.0,607.6024596301502,243.8637067857547,685.1505575951371,394.4706963356177,77.49219483699017,150.6477324081863,0.4750958906302811
294,294,9.3499755859375,150.0,150.0,22.0,8.0,505.0,493.0,607.6896042619586,243.7987834917117,685.1148729478051,394.42188116847234,77.45651018965816,150.59891724104097,0.47504036481585704
295,295,9.3800048828125,150.0,150.0,23.0,6.0,501.0,494.0,607.6210125674824,243.8462157174718,685.1812306272742,394.46233446066526,77.52286786912725,150.6393705332339,0.4752794668705912
296,296,9.4100341796875,150.0,150.0,23.0,16.0,500.0,491.0,607.6005994604592,243.80128646644425,685.1945272550337,394.54758601430376,77.53616449688673,150.7246220868724,0.4751190696281978
297,297,9.4500732421875,150.0,150.0,23.0,22.0,502.0,494.0,607.560853461025,243.8660316293863,685.1275406898079,394.5062909820629,77.46917793166097,150.68332705463155,0.4748789908605929
298,298,9.47998046875,150.0,150.0,23.0,6.0,502.0,493.0,607.7736716431117,243.8061434237053,685.2040221020618,394.4269838383322,77.54565934391485,150.60401991090083,0.47549459254850324
299,299,9.510009765625,150.0,150.0,23.0,13.0,504.0,495.0,607.5819920215163,243.81895731846242,685.2027643494704,394.45607409830615,77.54440159132344,150.63311017087477,0.475409389916665
300,300,9.5400390625,150.0,150.0,46.0,29.0,502.0,494.0,607.6303459714337,243.81813417373868,685.1589686940753,394.38055361428667,77.50060593592832,150.5575896868553,0.47538356493528233
301,301,9.570068359375,150.0,150.0,23.0,20.0,501.0,492.0,607.6510319019618,243.771605349659,685.1589686940753,394.38055361428667,77.50060593592832,150.5575896868553,0.47538356493528233
302,302,9.6099853515625,150.0,150.0,23.0,17.0,501.0,492.0,607.6998127492168,243.93026805606183,685.3052125296566,394.4230647158254,77.64684977150966,150.600100788394,0.4760361405141433
303,303,9.6400146484375,150.0,150.0,23.0,19.0,501.0,491.0,607.6643334665545,243.82107589503516,685.2611428837943,394.46439786508057,77.60278012564731,150.6414339376492,0.47569321059408815
304,304,9.6700439453125,150.0,150.0,23.0,21.0,502.0,492.0,607.6588770196282,243.8222588289811,685.3052125296566,394.4230647158254,77.64684977150966,150.600100788394,0.4760361405141433
305,305,9.7000732421875,150.0,150.0,23.0,26.0,504.0,494.0,607.6930957186228,243.86014985850596,685.3275560269807,394.50487802743936,77.66919326883374,150.681914100008,0.4759321275952795
306,306,9.739990234375,150.0,150.0,24.0,17.0,496.0,493.0,607.6104863256811,243.82304069497533,685.2611428837943,394.46439786508057,77.60278012564731,150.6414339376492,0.47569321059408815
307,307,9.77001953125,150.0,150.0,23.0,25.0,504.0,492.0,607.6608941235593,243.7933768941876,685.2738919886981,394.54883918855455,77.61552923055115,150.72587526112318,0.4755319665743901
308,308,9.800048828125,150.0,150.0,23.0,21.0,503.0,493.0,607.7150976433586,243.87572413416638,685.3937711631589,394.4196879275408,77.73540840501198,150.59672400010942,0.47650971740087705
309,309,9.830078125,150.0,150.0,23.0,30.0,502.0,492.0,607.6940036881184,243.8380017230944,685.2839999326594,394.42941916569845,77.62563717451246,150.60645523826707,0.47590767708900605
310,310,9.8599853515625,150.0,150.0,23.0,11.0,499.0,493.0,607.5169184429833,243.88327541649517,685.3052125296566,394.4230647158254,77.64684977150966,150.600100788394,0.4760361405141433
311,311,9.9000244140625,150.0,150.0,23.0,15.0,503.0,492.0,607.6658897142693,243.8837679122593,685.2738919886981,394.54883918855455,77.61552923055115,150.72587526112318,0.4755319665743901
312,312,9.9300537109375,150.0,150.0,23.0,14.0,498.0,493.0,607.6809069749919,243.83801633308303,685.2839999326594,394.42941916569845,77.62563717451246,150.60645523826707,0.47590767708900605
313,313,9.9600830078125,150.0,150.0,23.0,15.0,504.0,494.0,607.6809069749919,243.83801633308303,685.2839999326594,394.42941916569845,77.62563717451246,150.60645523826707,0.47590767708900605
314,314,9.989990234375,150.0,150.0,23.0,18.0,493.0,491.0,607.6878854479926,243.84999172156841,685.3717763739558,394.46321764846715,77.7134136158088,150.64025372103578,0.4762766216804389
315,315,10.030029296875,150.0,150.0,23.0,13.0,500.0,492.0,607.6658897142693,243.8837679122593,685.3577937396515,394.40489513730284,77.69943098150452,150.58193120987147,0.47636108985232795
316,316,10.06005859375,150.0,150.0,23.0,14.0,500.0,493.0,607.6658897142693,243.8837679122593,685.3503210978338,394.4695196981248,77.69195833968683,150.64655577069345,0.4761470834281173
317,317,10.090087890625,150.0,150.0,23.0,18.0,503.0,494.0,607.7125517068317,243.83119363340725,685.2968823321531,394.5132367891113,77.63851957400618,150.69027286167994,0.4757486952373831
318,318,10.1199951171875,0.0,0.0,23.0,10.0,502.0,494.0,607.6608941235593,243.7933768941876,685.2385825583051,394.4731473407477,77.58021980015815,150.6501834133163,0.4755512095446156
319,319,10.1500244140625,0.0,0.0,23.0,28.0,503.0,494.0,607.6097681723354,243.93407118766584,684.5287771005684,395.03241926366746,76.87041434242144,151.2094553362361,0.4703215004034764
320,320,10.1800537109375,0.0,0.0,23.0,35.0,504.0,495.0,607.6809069749919,243.83801633308303,680.5209176128842,397.3225209706485,72.86255485473725,153.49955704321712,0.4431839436044688
321,321,10.2100830078125,0.0,0.0,23.0,38.0,510.0,501.0,607.6104863256811,243.82304069497533,672.6808979784802,400.90522833025375,65.02253522033322,157.08226440282237,0.3924650301791256
322,322,10.22998046875,0.0,0.0,23.0,40.0,519.0,507.0,607.6342655791356,243.94854345266108,666.0123055449445,403.6408296332637,58.353942786797575,159.81786570583233,0.35008761005684874
323,323,10.260009765625,0.0,0.0,23.0,41.0,525.0,514.0,607.6342655791356,243.94854345266108,666.0123055449445,403.6408296332637,58.353942786797575,159.81786570583233,0.35008761005684874
324,324,10.2900390625,0.0,0.0,23.0,41.0,531.0,517.0,607.7081195629431,243.93022542086547,663.3584511161461,404.59837092605613,55.70008835799911,160.77540699862476,0.3335056798124458
325,325,10.320068359375,0.0,0.0,23.0,40.0,540.0,523.0,607.6739867419606,243.88357516654227,661.3363995730365,404.98732428337263,53.67803681488954,161.16436035594126,0.32150808062174263
326,326,10.3499755859375,0.0,0.0,23.0,40.0,546.0,531.0,607.6739867419606,243.88357516654227,661.3363995730365,404.98732428337263,53.67803681488954,161.16436035594126,0.32150808062174263
327,327,10.3699951171875,0.0,0.0,23.0,40.0,549.0,537.0,607.6837256839904,243.94044314512024,650.3751941198273,407.670987655222,42.716831361680306,163.84802372779063,0.25503306140762644
328,328,10.4000244140625,0.0,0.0,23.0,41.0,555.0,544.0,607.6551974880609,243.90130669410198,645.182234760515,408.786267544428,37.52387200236808,164.9633036169966,0.2236622707391413
329,329,10.4300537109375,0.0,0.0,23.0,41.0,560.0,551.0,607.6551974880609,243.90130669410198,645.182234760515,408.786267544428,37.52387200236808,164.9633036169966,0.2236622707391413
330,330,10.4600830078125,0.0,0.0,23.0,40.0,565.0,553.0,607.7240722004401,243.8538014203905,642.8783699473472,408.965553151736,35.22000718920026,165.14258922430463,0.2101222827410664
331,331,10.489990234375,0.0,0.0,23.0,41.0,568.0,556.0,607.6220944071131,243.94789995923932,642.2209030897773,409.028389573741,34.562540331630316,165.2054256463096,0.20623493842734675
332,332,10.510009765625,0.0,0.0,23.0,40.0,572.0,558.0,607.6201844940547,243.8855317038864,639.1390720075133,409.4780345428023,31.480709249366328,165.6550706153709,0.18779833641834315
333,333,10.5400390625,0.0,0.0,23.0,40.0,577.0,563.0,607.6201844940547,243.8855317038864,639.1390720075133,409.4780345428023,31.480709249366328,165.6550706153709,0.18779833641834315
334,334,10.570068359375,0.0,0.0,23.0,41.0,584.0,567.0,607.7439717242726,243.89864576505408,628.7566908048861,409.9733619925313,21.098328046739198,166.15039806509992,0.1263073162578005
335,335,10.5999755859375,0.0,0.0,23.0,41.0,585.0,572.0,607.6194732325882,243.9964978100633,626.8428722159329,410.09396681123263,19.184509457785907,166.27100288380126,0.11487300710835752
336,336,10.6300048828125,0.0,0.0,23.0,41.0,587.0,577.0,607.6194732325882,243.9964978100633,626.8428722159329,410.09396681123263,19.184509457785907,166.27100288380126,0.11487300710835752
337,337,10.6600341796875,0.0,0.0,23.0,42.0,590.0,582.0,607.7224616430128,243.88279557816827,626.2820675080208,409.8966555960057,18.62370474987381,166.07369166857433,0.11167464260188102
338,338,10.6800537109375,0.0,0.0,23.0,41.0,592.0,582.0,607.6551974880609,243.90130669410198,623.9041851146998,409.7950802149759,16.24582235655282,165.9721162875445,0.09757201955978187
339,339,10.7100830078125,0.0,0.0,23.0,41.0,599.0,586.0,607.7031651757967,243.91148628038243,619.3340495239161,409.5051007913168,11.675686765769115,165.68213686388543,0.07035409439203895
340,340,10.739990234375,0.0,0.0,23.0,41.0,600.0,591.0,607.6892523580373,243.947892681732,615.7614336618566,409.3154791300428,8.103070903709636,165.4925152026114,0.04892429562539312
341,341,10.77001953125,0.0,0.0,23.0,41.0,605.0,593.0,607.6487052181391,244.00547869171717,614.2935081691243,409.13649289991145,6.635145410977316,165.31352897248007,0.04011520359482373
342,342,10.800048828125,0.0,0.0,23.0,41.0,603.0,596.0,607.6605191560718,243.74053985780247,613.8895499638554,408.8547991586442,6.231187205708466,165.03183523121282,0.0377395586099073
343,343,10.820068359375,0.0,0.0,23.0,41.0,609.0,596.0,607.6605191560718,243.74053985780247,613.8895499638554,408.8547991586442,6.231187205708466,165.03183523121282,0.0377395586099073
344,344,10.8499755859375,0.0,0.0,23.0,41.0,609.0,599.0,607.5870247663554,243.86268603141392,612.1150041851314,408.4501321638086,4.456641426984447,164.6271682363772,0.027064507497546717
345,345,10.8800048828125,0.0,0.0,23.0,40.0,610.0,601.0,607.5675118060867,243.80686546573043,608.7510387749593,407.964109168669,1.0926760168123337,164.1411452412376,0.006656831077275858
346,346,10.9100341796875,0.0,0.0,24.0,40.0,615.0,605.0,607.5377960386327,243.79002889409824,606.0834415663397,407.4937695819357,-1.5749211918072206,163.6708056545043,-0.009622196088339698
347,347,10.9400634765625,0.0,0.0,23.0,40.0,619.0,608.0,607.5915869138382,243.78805737310898,605.3537754069697,407.3057114285744,-2.304587351177247,163.48274750114302,-0.014095889311946075
348,348,10.969970703125,0.0,0.0,23.0,41.0,620.0,610.0,607.5910890339337,243.8804268555815,605.4333264420255,407.24187652860587,-2.225036316121418,163.4189126011745,-0.01361469612952205
349,349,10.989990234375,0.0,0.0,23.0,41.0,623.0,613.0,607.5910890339337,243.8804268555815,605.4333264420255,407.24187652860587,-2.225036316121418,163.4189126011745,-0.01361469612952205
350,350,11.02001953125,0.0,0.0,23.0,40.0,623.0,615.0,607.4655459854838,243.80344881163467,604.1981134101618,406.9587929647989,-3.4602493479851546,163.1358290373675,-0.021207668396735047
351,351,11.050048828125,0.0,0.0,23.0,41.0,626.0,616.0,607.6062908094598,243.83404604835314,601.4646117153802,406.4075855983637,-6.193751042766735,162.58462167093234,-0.038077139859597896
352,352,11.080078125,0.0,0.0,23.0,40.0,624.0,617.0,607.6563400831992,243.8442762947216,599.135451013812,405.89685707062796,-8.52291174433492,162.07389314319659,-0.05253818684348144
353,353,11.0999755859375,0.0,0.0,23.0,41.0,627.0,619.0,607.5187195813788,243.8994182270291,599.0309214467894,405.67123705942146,-8.62744131135753,161.84827313199008,-0.05325533241143901
354,354,11.1300048828125,0.0,0.0,23.0,40.0,635.0,620.0,607.4981022162042,243.85472432009388,599.1977032023381,405.571873594732,-8.460659555808888,161.7489096673006,-0.05225973963807431
355,355,11.1600341796875,0.0,0.0,23.0,40.0,634.0,623.0,607.4981022162042,243.85472432009388,599.1977032023381,405.571873594732,-8.460659555808888,161.7489096673006,-0.05225973963807431
356,356,11.1900634765625,0.0,0.0,23.0,41.0,636.0,626.0,607.5192114187433,243.8076858208996,598.5001911767669,405.4998695816279,-9.158171581380088,161.6769056541965,-0.05658442839226556
357,357,11.219970703125,0.0,0.0,23.0,40.0,637.0,627.0,607.6212146190554,243.80497092924233,596.4327523677459,404.8330658257663,-11.225610390401016,161.01010189833494,-0.06960727551851367
358,358,11.239990234375,0.0,0.0,23.0,40.0,638.0,627.0,607.5396620951434,243.852403069852,595.1276411381592,404.5207814289111,-12.53072161998773,160.69781750147973,-0.07781945516974119
359,359,11.27001953125,0.0,0.0,23.0,40.0,638.0,629.0,607.4981022162042,243.85472432009388,595.1416623628368,404.5032726930384,-12.516700395310181,160.68030876560704,-0.07774116595054355
360,360,11.300048828125,0.0,0.0,23.0,41.0,637.0,631.0,607.5457040930277,243.86511890621688,595.4327110953632,404.48513560197375,-12.225651662783775,160.66217167454238,-0.07594902770030858
361,361,11.330078125,0.0,0.0,23.0,41.0,639.0,631.0,607.5457040930277,243.86511890621688,595.4327110953632,404.48513560197375,-12.225651662783775,160.66217167454238,-0.07594902770030858
362,362,11.3599853515625,0.0,0.0,23.0,41.0,641.0,631.0,607.6944275239198,243.71987561690503,593.6451503866757,403.9417546500642,-14.01321237147124,160.1187907226328,-0.08729517977006158
363,363,11.3900146484375,0.0,0.0,23.0,41.0,646.0,633.0,607.6944275239198,243.71987561690503,593.6451503866757,403.9417546500642,-14.01321237147124,160.1187907226328,-0.08729517977006158
364,364,11.4100341796875,0.0,0.0,24.0,40.0,647.0,635.0,607.6944275239198,243.71987561690503,593.6451503866757,403.9417546500642,-14.01321237147124,160.1187907226328,-0.08729517977006158
365,365,11.4400634765625,0.0,0.0,23.0,40.0,646.0,636.0,607.6744268096106,243.67525657097374,592.5242427481891,403.53710089961976,-15.134120009957883,159.71413697218838,-0.09447545712528872
366,366,11.469970703125,0.0,0.0,23.0,41.0,645.0,636.0,607.6744268096106,243.67525657097374,592.5242427481891,403.53710089961976,-15.134120009957883,159.71413697218838,-0.09447545712528872
367,367,11.5,0.0,0.0,23.0,41.0,647.0,637.0,607.5901651272547,243.86206824998885,592.4314050112183,403.2663797831016,-15.226957746928633,159.44341585567025,-0.0952119436737211
368,368,11.530029296875,0.0,0.0,23.0,40.0,647.0,638.0,607.5901651272547,243.86206824998885,592.4314050112183,403.2663797831016,-15.226957746928633,159.44341585567025,-0.0952119436737211
369,369,11.56005859375,0.0,0.0,23.0,41.0,648.0,637.0,607.6319848580504,243.78001774594657,591.460754507088,403.1575561551529,-16.19760825105891,159.33459222772154,-0.10130979351113781
370,370,11.580078125,0.0,0.0,23.0,40.0,648.0,640.0,607.569343432691,243.81738391776463,590.7495896601893,402.66485745451774,-16.908773097957692,158.84189352708637,-0.10605096202282119
371,371,11.6099853515625,0.0,0.0,23.0,40.0,652.0,641.0,607.604998208564,243.81432258728412,591.093437623671,402.8115296010933,-16.56492513447597,158.98856567366192,-0.1038148413490906
372,372,11.6400146484375,0.0,0.0,23.0,40.0,651.0,644.0,607.605442992476,243.7225799461929,591.460754507088,403.1575561551529,-16.19760825105891,159.33459222772154,-0.10130979351113781
373,373,11.6700439453125,0.0,0.0,23.0,41.0,651.0,645.0,607.6391911397392,243.76895831879366,591.1296737762788,402.66139392970695,-16.528688981868186,158.83843000227557,-0.10368658066532475
374,374,11.7000732421875,0.0,0.0,23.0,41.0,651.0,643.0,607.6391911397392,243.76895831879366,591.1296737762788,402.66139392970695,-16.528688981868186,158.83843000227557,-0.10368658066532475
375,375,11.719970703125,0.0,0.0,23.0,40.0,655.0,643.0,607.6240321632832,243.7049198902824,590.0554163661028,402.5671605444573,-17.602946392044146,158.74419661702592,-0.1104375717745575
376,376,11.75,0.0,0.0,23.0,41.0,653.0,645.0,607.6240321632832,243.7049198902824,590.0554163661028,402.5671605444573,-17.602946392044146,158.74419661702592,-0.1104375717745575
377,377,11.780029296875,0.0,0.0,23.0,40.0,650.0,644.0,607.605442992476,243.7225799461929,589.9823174513082,402.40370873441367,-17.676045306838773,158.5807448069823,-0.11100580029776101
378,378,11.81005859375,0.0,0.0,23.0,40.0,652.0,643.0,607.7426915380295,243.75916584832433,590.3120739998574,402.6036204841475,-17.346288758289575,158.7806565567161,-0.10881533377895675
379,379,11.840087890625,0.0,0.0,23.0,41.0,651.0,643.0,607.6729380011252,243.80798010455044,589.9823174513082,402.40370873441367,-17.676045306838773,158.5807448069823,-0.11100580029776101
380,380,11.8599853515625,0.0,0.0,23.0,41.0,653.0,643.0,607.6729380011252,243.80798010455044,589.9823174513082,402.40370873441367,-17.676045306838773,158.5807448069823,-0.11100580029776101
381,381,11.8900146484375,0.0,0.0,23.0,40.0,653.0,642.0,607.6729380011252,243.80798010455044,589.9823174513082,402.40370873441367,-17.676045306838773,158.5807448069823,-0.11100580029776101
382,382,11.9200439453125,0.0,0.0,23.0,41.0,655.0,643.0,607.6729380011252,243.80798010455044,589.9823174513082,402.40370873441367,-17.676045306838773,158.5807448069823,-0.11100580029776101
383,383,11.9500732421875,0.0,0.0,23.0,41.0,655.0,644.0,607.6729380011252,243.80798010455044,589.9823174513082,402.40370873441367,-17.676045306838773,158.5807448069823,-0.11100580029776101
384,384,11.969970703125,0.0,0.0,23.0,40.0,657.0,644.0,607.7249181790945,243.8174574232711,589.7141834813655,402.3266057223905,-17.944179276781483,158.50364179495915,-0.11272992118988595
385,385,12.0,0.0,0.0,23.0,41.0,656.0,645.0,607.8689569520168,243.81152556937337,589.3538413812855,402.1659195682472,-18.30452137686143,158.34295564081583,-0.11508962674686703
386,386,12.030029296875,0.0,0.0,23.0,40.0,657.0,646.0,607.8689569520168,243.81152556937337,589.3538413812855,402.1659195682472,-18.30452137686143,158.34295564081583,-0.11508962674686703
387,387,12.06005859375,0.0,0.0,23.0,40.0,656.0,648.0,607.8181471955152,243.7568598597014,588.8898535091398,402.2160041405525,-18.76850924900714,158.39304021312114,-0.11794332103360876
388,388,12.090087890625,0.0,0.0,23.0,40.0,656.0,648.0,607.7783208968939,243.82190458333488,588.8805450155808,402.1665206304677,-18.777817742566185,158.3435567030363,-0.11803780997018799
389,389,12.1199951171875,0.0,0.0,23.0,41.0,656.0,650.0,607.8135997533185,243.83155668012847,588.991852783024,402.0730626405911,-18.66650997512295,158.25009871315973,-0.117413216184444
390,390,12.1400146484375,0.0,0.0,24.0,40.0,660.0,651.0,607.8147120416409,243.72914916537516,589.1451149070014,402.1190248601194,-18.513247851145593,158.29606093268802,-0.1164244090225439
391,391,12.1700439453125,0.0,0.0,23.0,40.0,662.0,651.0,607.8478486097558,243.77378932155185,588.9749895687388,402.0904007581997,-18.683373189408144,158.2674368307683,-0.11750555723396017
392,392,12.2000732421875,0.0,0.0,23.0,41.0,659.0,649.0,607.7988606682885,243.86685612409863,588.5846341345252,401.91606290527807,-19.07372862362172,158.0930989778467,-0.12006837911512112
393,393,12.22998046875,0.0,0.0,23.0,40.0,660.0,648.0,607.7988606682885,243.86685612409863,588.5846341345252,401.91606290527807,-19.07372862362172,158.0930989778467,-0.12006837911512112
394,394,12.260009765625,0.0,0.0,23.0,40.0,658.0,647.0,607.7451501983309,243.86832141782727,588.3807872498539,401.98691825790235,-19.277575508293012,158.16395433047097,-0.12128526778384023
395,395,12.2900390625,0.0,0.0,23.0,40.0,655.0,650.0,607.7932226383574,243.78664237364276,588.9108135587751,401.9744302054297,-18.74754919937186,158.15146627799834,-0.11799111486069068
396,396,12.31005859375,0.0,0.0,23.0,40.0,658.0,650.0,607.8867583088501,243.80111822920486,588.9442901753022,402.00561979437623,-18.71407258284478,158.18265586694486,-0.11775935900369779
397,397,12.340087890625,0.0,0.0,23.0,40.0,659.0,652.0,607.7642335409034,243.75883238020057,588.7946331573165,401.8248802645541,-18.863729600830425,158.00191633712274,-0.11882679823979281
398,398,12.3699951171875,0.0,0.0,23.0,40.0,661.0,653.0,607.9010090915414,243.7662818670599,588.1430266094964,401.82507069377726,-19.51533614865059,158.0021067663459,-0.12289074125557509
399,399,12.4000244140625,0.0,0.0,23.0,40.0,658.0,650.0,607.9010090915414,243.7662818670599,588.1430266094964,401.82507069377726,-19.51533614865059,158.0021067663459,-0.12289074125557509
400,400,12.4300537109375,0.0,0.0,23.0,40.0,656.0,650.0,607.8817141698688,243.8316592147672,588.1843524460289,401.7886498031096,-19.474010312118025,157.96568587567822,-0.12266110259590542
401,401,12.4500732421875,0.0,0.0,23.0,40.0,657.0,650.0,607.8131969495266,243.8619791594291,588.6148234494801,401.8971123975568,-19.043539308666823,158.0741484701254,-0.11989438984111189
402,402,12.47998046875,0.0,0.0,23.0,40.0,660.0,651.0,607.5583401591937,243.82953144751042,588.7122213259318,401.92732658295125,-18.9461414322152,158.10436265551988,-0.11926442650643243
403,403,12.510009765625,0.0,0.0,23.0,40.0,658.0,650.0,607.6272699987106,243.7822314901123,588.3852427855612,401.7679084165586,-19.273119972585732,157.94494448912724,-0.1214240012752924
404,404,12.5400390625,0.0,0.0,24.0,40.0,659.0,650.0,607.5910163198682,243.8748849845235,587.9583590195773,401.64880371159376,-19.70000373856965,157.82583978416238,-0.12417889793165769
405,405,12.570068359375,0.0,0.0,23.0,40.0,657.0,651.0,607.700713652827,243.82497006499423,588.0475926835475,401.7050735029125,-19.610770074599486,157.88210957548114,-0.12357852779708425
406,406,12.590087890625,0.0,0.0,23.0,40.0,653.0,650.0,607.700713652827,243.82497006499423,588.0475926835475,401.7050735029125,-19.610770074599486,157.88210957548114,-0.12357852779708425
407,407,12.6199951171875,0.0,0.0,23.0,40.0,658.0,650.0,607.5223057823647,243.92430456757245,588.3266860767018,401.73607345167306,-19.331676681445174,157.9131095242417,-0.12181359726039069
408,408,12.6500244140625,0.0,0.0,23.0,41.0,662.0,650.0,607.6119334145162,243.82764687017175,588.4590403384699,401.7812644967462,-19.19932241967706,157.95830056931482,-0.1209534660078527
409,409,12.6800537109375,0.0,0.0,23.0,40.0,662.0,649.0,607.5910163198682,243.8748849845235,588.0210567004261,401.8106671823795,-19.63730605772082,157.98770325494814,-0.12366217983840656
410,410,12.7100830078125,0.0,0.0,23.0,40.0,659.0,650.0,607.7491167440401,243.75385674391083,587.7933402230979,401.6070535808435,-19.865022535049093,157.78408965341214,-0.12524108524857228
411,411,12.72998046875,0.0,0.0,22.0,40.0,657.0,650.0,607.6472858314679,243.8268418273632,587.9504251000824,401.6019462939035,-19.707937658064566,157.77898236647212,-0.1242649114539747
412,412,12.760009765625,0.0,0.0,24.0,41.0,657.0,651.0,607.6119334145162,243.82764687017175,588.0785821689033,401.7626329947637,-19.579780589243683,157.93966906733232,-0.12334071131481214
413,413,12.7900390625,0.0,0.0,23.0,40.0,659.0,650.0,607.6119334145162,243.82764687017175,588.0785821689033,401.7626329947637,-19.579780589243683,157.93966906733232,-0.12334071131481214
414,414,12.820068359375,0.0,0.0,23.0,40.0,659.0,650.0,607.5409561618022,243.90670659544497,588.1412459332672,401.72164284668196,-19.517116824879736,157.89867891925059,-0.12298153682571283
415,415,12.8499755859375,0.0,0.0,23.0,40.0,660.0,649.0,607.7297055693268,243.8636143679224,588.0262720182758,401.6717850702987,-19.63209073987116,157.84882114286734,-0.12373733926980084
416,416,12.8699951171875,0.0,0.0,23.0,40.0,663.0,650.0,607.537273417792,243.87656068948974,587.7154455876441,401.57896036098236,-19.942917170502824,157.755996433551,-0.12574918524519185
417,417,12.9000244140625,0.0,0.0,23.0,40.0,659.0,652.0,607.6807969551139,243.78013161198555,587.8123785909653,401.61718929230886,-19.845984167181655,157.7942253648775,-0.12511435186005937
418,418,12.9300537109375,0.0,0.0,22.0,40.0,659.0,653.0,607.700713652827,243.82497006499423,587.9769134937533,401.63504146212523,-19.681449264393677,157.81207753469386,-0.12407384529096806
419,419,12.9600830078125,0.0,0.0,23.0,40.0,660.0,654.0,607.700713652827,243.82497006499423,587.9769134937533,401.63504146212523,-19.681449264393677,157.81207753469386,-0.12407384529096806
420,420,12.989990234375,0.0,0.0,23.0,40.0,664.0,653.0,607.6791963712842,243.80912457104145,588.0448364485446,401.6578864004503,-19.61352630960232,157.83492247301893,-0.12363229552030831
421,421,13.010009765625,0.0,0.0,22.0,41.0,663.0,651.0,607.5762395144998,243.92283955987324,587.8112827882227,401.5524214495549,-19.847079969924266,157.72945752212354,-0.12517203137768212
422,422,13.0400390625,0.0,0.0,23.0,40.0,660.0,650.0,607.9548519337128,243.83072433856978,587.9333781495857,401.6090511379223,-19.72498460856127,157.7860872104909,-0.12436575079545768
423,423,13.070068359375,0.0,0.0,23.0,40.0,659.0,651.0,607.8518540293874,243.84044679603528,587.9902711355594,401.7121054110909,-19.668091622587554,157.8891414836595,-0.12393059757220005
424,424,13.0999755859375,0.0,0.0,23.0,40.0,660.0,653.0,607.9255069592092,243.81397627062856,588.1079154150983,401.76977915159483,-19.55044734304863,157.94681522416346,-0.12315227791916605
425,425,13.1300048828125,0.0,0.0,23.0,40.0,657.0,655.0,607.9255069592092,243.81397627062856,588.1079154150983,401.76977915159483,-19.55044734304863,157.94681522416346,-0.12315227791916605
426,426,13.1600341796875,0.0,0.0,23.0,40.0,662.0,652.0,607.9247166199448,243.72942870856372,588.1475951109034,401.70705064364824,-19.510767647243597,157.88408671621687,-0.12295317983863108
427,427,13.1800537109375,0.0,0.0,23.0,40.0,661.0,652.0,607.8854033259574,243.7939111186319,587.9122572947008,401.683960221005,-19.746105463446156,157.86099629357363,-0.12443907730721139
428,428,13.2100830078125,0.0,0.0,23.0,40.0,659.0,653.0,607.9054790448441,243.83877371690483,587.9333781495857,401.6090511379223,-19.72498460856127,157.7860872104909,-0.12436575079545768
429,429,13.239990234375,0.0,0.0,23.0,40.0,659.0,653.0,607.7866075830367,243.91878526767715,587.9503421708658,401.6213414448475,-19.708020587281112,157.7983775174161,-0.12425031212118955
430,430,13.27001953125,0.0,0.0,23.0,41.0,661.0,653.0,607.8315965922383,243.795808896831,588.0479257760155,401.6600174479551,-19.610436982131432,157.83705352052374,-0.12361136795189236
431,431,13.300048828125,0.0,0.0,23.0,40.0,661.0,652.0,607.7832018125605,243.79663148095108,588.0082397698892,401.6574335096064,-19.65012298825775,157.83446958217502,-0.12386098157031408
432,432,13.320068359375,0.0,0.0,23.0,40.0,664.0,653.0,607.7832018125605,243.79663148095108,588.0082397698892,401.6574335096064,-19.65012298825775,157.83446958217502,-0.12386098157031408
433,433,13.3499755859375,0.0,0.0,23.0,40.0,660.0,653.0,607.8512076316066,243.8516721837405,587.8953199658233,401.67186729187415,-19.76304279232363,157.84890336444278,-0.12455415880577327
434,434,13.3800048828125,0.0,0.0,23.0,40.0,662.0,652.0,607.9052020709391,243.85003571004498,587.831767663622,401.70299628697734,-19.82659509452492,157.88003235954596,-0.12492615928977917
435,435,13.4100341796875,0.0,0.0,23.0,40.0,662.0,651.0,607.8710150314538,243.841354834273,587.9503421708658,401.6213414448475,-19.708020587281112,157.7983775174161,-0.12425031212118955
436,436,13.4400634765625,0.0,0.0,23.0,40.0,661.0,649.0,607.8347879568337,243.82429240481198,587.93250102225,401.67650999875565,-19.725861735896956,157.85354607132427,-0.12431862011281886
437,437,13.4600830078125,0.0,0.0,23.0,40.0,661.0,651.0,607.8037405510242,243.8413827855515,587.9503421708658,401.6213414448475,-19.708020587281112,157.7983775174161,-0.12425031212118955
438,438,13.489990234375,0.0,0.0,23.0,40.0,659.0,651.0,607.8037405510242,243.8413827855515,587.9503421708658,401.6213414448475,-19.708020587281112,157.7983775174161,-0.12425031212118955
439,439,13.52001953125,0.0,0.0,23.0,40.0,660.0,652.0,607.7471097684471,243.89149744253228,587.8953199658233,401.67186729187415,-19.76304279232363,157.84890336444278,-0.12455415880577327
440,440,13.550048828125,0.0,0.0,23.0,40.0,657.0,653.0,607.8308043027295,243.8067650183001,587.8189411077491,401.68513184441866,-19.839421650397867,157.8621679169873,-0.12502013893465194
441,441,13.580078125,0.0,0.0,23.0,40.0,658.0,652.0,607.7832018125605,243.79663148095108,587.9333781495857,401.6090511379223,-19.72498460856127,157.7860872104909,-0.12436575079545768
442,442,13.5999755859375,0.0,0.0,23.0,41.0,660.0,652.0,607.7396407951337,243.7486725988984,587.6601268344549,401.475596653519,-19.99823592369205,157.65263272608763,-0.12617611298307146
443,443,13.6300048828125,0.0,0.0,23.0,41.0,663.0,651.0,607.7396407951337,243.7486725988984,587.6601268344549,401.475596653519,-19.99823592369205,157.65263272608763,-0.12617611298307146
444,444,13.6600341796875,0.0,0.0,23.0,40.0,662.0,652.0,607.5933055543626,243.74765874774246,587.6432247975182,401.4635290183995,-20.01513796062875,157.64056509096815,-0.12629118899481961
445,445,13.6900634765625,0.0,0.0,23.0,40.0,660.0,651.0,607.5186574708964,243.7965841343676,587.5797822186682,401.4946713723765,-20.078580539478708,157.67170744494513,-0.12666247939114197
446,446,13.719970703125,0.0,0.0,23.0,41.0,657.0,651.0,607.6323790903563,243.7750185620937,587.5035684268893,401.44705952045166,-20.154794331257676,157.6240955930203,-0.12717609773917513
447,447,13.739990234375,0.0,0.0,23.0,41.0,655.0,652.0,607.5933055543626,243.74765874774246,587.6432247975182,401.4635290183995,-20.01513796062875,157.64056509096815,-0.12629118899481961
448,448,13.77001953125,0.0,0.0,23.0,41.0,661.0,651.0,607.5880285574078,243.74872884186638,587.6432247975182,401.4635290183995,-20.01513796062875,157.64056509096815,-0.12629118899481961
449,449,13.800048828125,0.0,0.0,22.0,40.0,658.0,652.0,607.5575973186249,243.84284582513817,587.6432247975182,401.4635290183995,-20.01513796062875,157.64056509096815,-0.12629118899481961
450,450,13.830078125,0.0,0.0,24.0,40.0,661.0,652.0,607.5575973186249,243.84284582513817,587.6432247975182,401.4635290183995,-20.01513796062875,157.64056509096815,-0.12629118899481961
451,451,13.8599853515625,0.0,0.0,23.0,40.0,663.0,653.0,607.5970810160769,243.87023352539802,587.5669849624054,401.47683536189606,-20.09137779574155,157.6538714344647,-0.1267565330959859
452,452,13.8800048828125,0.0,0.0,23.0,40.0,663.0,652.0,607.5912050063557,243.77718101524053,587.4399780278901,401.47009478949633,-20.218384730256844,157.64713086206496,-0.1275545790683976
453,453,13.9100341796875,0.0,0.0,23.0,40.0,663.0,654.0,607.6621587703436,243.70013319627319,587.6432247975182,401.4635290183995,-20.01513796062875,157.64056509096815,-0.12629118899481961
454,454,13.9400634765625,0.0,0.0,23.0,40.0,661.0,654.0,607.5764586770828,243.82516419621484,587.6432247975182,401.4635290183995,-20.01513796062875,157.64056509096815,-0.12629118899481961
455,455,13.969970703125,0.0,0.0,24.0,40.0,661.0,654.0,607.5397301205924,243.74955678258476,587.5797822186682,401.4946713723765,-20.078580539478708,157.67170744494513,-0.12666247939114197
456,456,14.0,0.0,0.0,23.0,40.0,661.0,653.0,607.6621587703436,243.70013319627319,587.5035684268893,401.44705952045166,-20.154794331257676,157.6240955930203,-0.12717609773917513
457,457,14.030029296875,0.0,0.0,23.0,40.0,660.0,653.0,607.6621587703436,243.70013319627319,587.5035684268893,401.44705952045166,-20.154794331257676,157.6240955930203,-0.12717609773917513
458,458,14.050048828125,0.0,0.0,24.0,40.0,661.0,652.0,607.5764586770828,243.82516419621484,587.4372792552504,401.4681322029589,-20.22108350289659,157.6451682755275,-0.12757299209253137
459,459,14.080078125,0.0,0.0,23.0,40.0,659.0,652.0,607.5393084597832,243.8412608604499,587.4372792552504,401.4681322029589,-20.22108350289659,157.6451682755275,-0.12757299209253137
460,460,14.1099853515625,0.0,0.0,23.0,40.0,663.0,655.0,607.7291291400111,243.692220092812,587.6041485078592,401.35391505064973,-20.054214250287714,157.53095112321836,-0.12662223954525517
461,461,14.1400146484375,0.0,0.0,24.0,40.0,663.0,655.0,607.6809825955457,243.68240871442157,587.4576744316466,401.41786150553634,-20.200688326500313,157.59489757810496,-0.12748592473913972
462,462,14.1700439453125,0.0,0.0,23.0,40.0,665.0,654.0,607.6889317293708,243.839688183733,587.4141438336387,401.6542679088421,-20.244218924508232,157.8313039814107,-0.12756837860983491
463,463,14.1900634765625,0.0,0.0,23.0,40.0,662.0,654.0,607.5507704830072,243.9372020793332,587.4333003073423,401.64359014718184,-20.22506245080467,157.82062621975047,-0.12745749799096526
464,464,14.219970703125,0.0,0.0,23.0,40.0,663.0,654.0,607.5507704830072,243.9372020793332,587.4333003073423,401.64359014718184,-20.22506245080467,157.82062621975047,-0.12745749799096526
465,465,14.25,0.0,0.0,24.0,40.0,664.0,653.0,607.7502859473256,243.94902647952338,587.5596594454128,401.6503868392107,-20.098703312734187,157.8274229117793,-0.12666430814830823
466,466,14.280029296875,0.0,0.0,23.0,40.0,663.0,653.0,607.688080221748,243.9433155430374,587.593054232671,401.63877140304464,-20.065308525475984,157.81580747561327,-0.12646529712089224
467,467,14.31005859375,0.0,0.0,24.0,40.0,663.0,649.0,607.6404625965048,243.8405021821423,587.4333003073423,401.64359014718184,-20.22506245080467,157.82062621975047,-0.12745749799096526
468,468,14.340087890625,0.0,0.0,24.0,40.0,661.0,650.0,607.6047375276337,243.93574375138226,587.3814766329085,401.66310288507964,-20.276886125238434,157.84013895764826,-0.12776492433234202
469,469,14.3599853515625,0.0,0.0,23.0,40.0,658.0,651.0,607.6054213623078,243.824720527628,587.4141438336387,401.6542679088421,-20.244218924508232,157.8313039814107,-0.12756837860983491
470,470,14.3900146484375,0.0,0.0,23.0,40.0,661.0,653.0,607.6054213623078,243.824720527628,587.4141438336387,401.6542679088421,-20.244218924508232,157.8313039814107,-0.12756837860983491
471,471,14.4200439453125,0.0,0.0,23.0,40.0,663.0,653.0,607.6049998218714,243.9167126283423,587.4141438336387,401.6542679088421,-20.244218924508232,157.8313039814107,-0.12756837860983491
472,472,14.4500732421875,0.0,0.0,23.0,40.0,659.0,654.0,607.6400673308772,243.93269754165473,587.4333003073423,401.64359014718184,-20.22506245080467,157.82062621975047,-0.12745749799096526
473,473,14.469970703125,0.0,0.0,24.0,40.0,663.0,652.0,607.5985719413791,243.94788138587674,587.4184328492914,401.66186025486013,-20.239929908855515,157.83889632742876,-0.12753557499289842
474,474,14.5,0.0,0.0,23.0,40.0,664.0,654.0,607.7100343835268,243.8774100637068,587.3963495298264,401.6447548105554,-20.262013228320598,157.82179088312404,-0.1276869075834185
475,475,14.530029296875,0.0,0.0,24.0,41.0,663.0,651.0,607.7961000478673,243.830277559456,587.4141438336387,401.6542679088421,-20.244218924508232,157.8313039814107,-0.12756837860983491
476,476,14.56005859375,0.0,0.0,23.0,41.0,663.0,650.0,607.7961000478673,243.830277559456,587.4141438336387,401.6542679088421,-20.244218924508232,157.8313039814107,-0.12756837860983491
477,477,14.590087890625,0.0,0.0,23.0,41.0,665.0,651.0,607.6073482916883,243.8871207852696,587.450390294848,401.5913914761189,-20.207972463298915,157.7684275486875,-0.1273926393355861
478,478,14.6099853515625,0.0,0.0,23.0,41.0,662.0,653.0,607.6073482916883,243.8871207852696,587.4141438336387,401.6542679088421,-20.244218924508232,157.8313039814107,-0.12756837860983491
479,479,14.6400146484375,0.0,0.0,23.0,40.0,657.0,653.0,607.634387981597,243.85252286491317,587.3814766329085,401.66310288507964,-20.276886125238434,157.84013895764826,-0.12776492433234202
480,480,14.6700439453125,0.0,0.0,24.0,40.0,663.0,653.0,607.5902240065087,243.96449043294712,587.3963495298264,401.6447548105554,-20.262013228320598,157.82179088312404,-0.1276869075834185
481,481,14.7000732421875,0.0,0.0,23.0,40.0,663.0,651.0,607.6134079680077,243.8998432651333,587.3992750674661,401.67255744969833,-20.25908769068087,157.84959352226696,-0.12764642788482458
482,482,14.72998046875,0.0,0.0,23.0,41.0,662.0,652.0,607.3983534583564,243.96322262174144,587.2474598653317,401.5032334886083,-20.410902892815216,157.68026956117694,-0.12872906674006007
483,483,14.760009765625,0.0,0.0,24.0,41.0,661.0,651.0,607.3983534583564,243.96322262174144,587.2474598653317,401.5032334886083,-20.410902892815216,157.68026956117694,-0.12872906674006007
484,484,14.780029296875,0.0,0.0,23.0,41.0,660.0,650.0,607.4314079486229,243.92345887327568,587.2296921605093,401.49373898251287,-20.42867059763762,157.6707750550815,-0.12884756283040943
485,485,14.81005859375,0.0,0.0,24.0,40.0,661.0,653.0,607.4855857986603,243.9029741281967,587.2296921605093,401.49373898251287,-20.42867059763762,157.6707750550815,-0.12884756283040943
486,486,14.840087890625,0.0,0.0,23.0,40.0,661.0,653.0,607.5694590989998,243.8259898197276,587.2148299447366,401.5120737105329,-20.443532813410343,157.68910978310151,-0.12892544005978038
487,487,14.8699951171875,0.0,0.0,23.0,40.0,660.0,654.0,607.485314940821,243.92199150412284,587.2099453637179,401.5038727195128,-20.448417394429043,157.68090879208142,-0.12896253681644346
488,488,14.9000244140625,0.0,0.0,23.0,40.0,661.0,652.0,607.4674772101862,243.8286991436341,587.1952086235185,401.5221553944066,-20.46315413462844,157.6991914669752,-0.1290396529865437
489,489,14.9300537109375,0.0,0.0,23.0,40.0,660.0,653.0,607.4674772101862,243.8286991436341,587.1952086235185,401.5221553944066,-20.46315413462844,157.6991914669752,-0.1290396529865437
490,490,14.9500732421875,0.0,0.0,23.0,40.0,663.0,653.0,607.5685603012048,243.92954221039275,587.2296921605093,401.49373898251287,-20.42867059763762,157.6707750550815,-0.12884756283040943
491,491,14.97998046875,0.0,0.0,23.0,40.0,661.0,654.0,607.6097805135379,243.82413164237857,587.2148299447366,401.5120737105329,-20.443532813410343,157.68910978310151,-0.12892544005978038
